date_time,drawdown(ft)
8/2/23 10:00:25,0.025098425
8/2/23 10:01:25,0.029199475
8/2/23 10:02:25,0.026738845
8/2/23 10:03:25,0.029199475
8/2/23 10:04:25,0.023458005
8/2/23 10:05:25,0.030839895
8/2/23 10:06:25,0.025098425
8/2/23 10:07:25,0.029199475
8/2/23 10:08:25,0.025098425
8/2/23 10:09:25,0.026738845
8/2/23 10:10:25,0.020997375
8/2/23 10:11:25,0.024278215
8/2/23 10:12:25,0.026738845
8/2/23 10:13:25,0.026738845
8/2/23 10:14:25,0.022637795
8/2/23 10:15:25,0.026738845
8/2/23 10:16:25,0.022637795
8/2/23 10:17:25,0.024278215
8/2/23 10:18:25,0.018536745
8/2/23 10:19:25,0.022637795
8/2/23 10:20:25,0.020997375
8/2/23 10:21:25,0.022637795
8/2/23 10:22:25,0.018536745
8/2/23 10:23:25,0.025098425
8/2/23 10:24:25,0.025098425
8/2/23 10:25:25,0.026738845
8/2/23 10:26:25,0.029199475
8/2/23 10:27:25,0.025098425
8/2/23 10:28:25,0.025098425
8/2/23 10:29:25,0.025098425
8/2/23 10:30:25,0.020177165
8/2/23 10:31:25,0.022637795
8/2/23 10:32:25,0.024278215
8/2/23 10:33:25,0.025918635
8/2/23 10:34:25,0.026738845
8/2/23 10:35:25,0.022637795
8/2/23 10:36:25,0.025098425
8/2/23 10:37:25,0.022637795
8/2/23 10:38:25,0.026738845
8/2/23 10:39:25,0.028379265
8/2/23 10:40:25,0.028379265
8/2/23 10:41:25,0.026738845
8/2/23 10:42:25,0.026738845
8/2/23 10:43:25,0.025098425
8/2/23 10:44:25,0.026738845
8/2/23 10:45:25,0.023458005
8/2/23 10:46:25,0.028379265
8/2/23 10:47:25,0.032480315
8/2/23 10:48:25,0.026738845
8/2/23 10:49:25,0.026738845
8/2/23 10:50:25,0.026738845
8/2/23 10:51:25,0.029199475
8/2/23 10:52:25,0.028379265
8/2/23 10:53:25,0.028379265
8/2/23 10:54:25,0.028379265
8/2/23 10:55:25,0.038221785
8/2/23 10:56:25,0.066108924
8/2/23 10:57:25,0.106299213
8/2/23 10:58:25,0.148129921
8/2/23 10:59:25,0.19980315
8/2/23 11:00:25,0.239173228
8/2/23 11:01:25,0.281824147
8/2/23 11:02:25,0.319553806
8/2/23 11:03:25,0.354002625
8/2/23 11:04:25,0.390912073
8/2/23 11:05:25,0.422900262
8/2/23 11:06:25,0.450787402
8/2/23 11:07:25,0.483595801
8/2/23 11:08:25,0.516404199
8/2/23 11:09:25,0.541010499
8/2/23 11:10:25,0.563156168
8/2/23 11:11:25,0.585301837
8/2/23 11:12:25,0.616469816
8/2/23 11:13:25,0.629593176
8/2/23 11:14:25,0.646817585
8/2/23 11:15:25,0.673064304
8/2/23 11:16:25,0.690288714
8/2/23 11:17:25,0.710793963
8/2/23 11:18:25,0.726377953
8/2/23 11:19:25,0.745242782
8/2/23 11:20:25,0.762467192
8/2/23 11:21:25,0.773950131
8/2/23 11:22:25,0.788713911
8/2/23 11:23:25,0.80593832
8/2/23 11:24:25,0.81167979
8/2/23 11:25:25,0.833005249
8/2/23 11:26:25,0.839566929
8/2/23 11:27:25,0.851049869
8/2/23 11:28:25,0.868274278
8/2/23 11:29:25,0.875656168
8/2/23 11:30:25,0.891240157
8/2/23 11:31:25,0.896981627
8/2/23 11:32:25,0.914206037
8/2/23 11:33:25,0.918307087
8/2/23 11:34:25,0.931430446
8/2/23 11:35:25,0.940452756
8/2/23 11:36:25,0.950295276
8/2/23 11:37:25,0.957677165
8/2/23 11:38:25,0.963418635
8/2/23 11:39:25,0.980643045
8/2/23 11:40:25,0.982283465
8/2/23 11:41:25,0.993766404
8/2/23 11:42:25,0.995406824
8/2/23 11:43:25,1.008530184
8/2/23 11:44:25,1.015912073
8/2/23 11:45:25,1.020013123
8/2/23 11:46:25,1.029035433
8/2/23 11:47:25,1.035597113
8/2/23 11:48:25,1.047080052
8/2/23 11:49:25,1.056922572
8/2/23 11:50:25,1.061843832
8/2/23 11:51:25,1.063484252
8/2/23 11:52:25,1.073326772
8/2/23 11:53:25,1.083169291
8/2/23 11:54:25,1.086450131
8/2/23 11:55:25,1.092191601
8/2/23 11:56:25,1.095472441
8/2/23 11:57:25,1.098753281
8/2/23 11:58:25,1.102034121
8/2/23 11:59:25,1.11433727
8/2/23 12:00:25,1.12007874
8/2/23 12:01:25,1.12253937
8/2/23 12:02:25,1.13402231
8/2/23 12:03:25,1.1332021
8/2/23 12:04:25,1.141404199
8/2/23 12:05:25,1.144685039
8/2/23 12:06:25,1.147965879
8/2/23 12:07:25,1.156167979
8/2/23 12:08:25,1.157808399
8/2/23 12:09:25,1.163549869
8/2/23 12:10:25,1.176673228
8/2/23 12:11:25,1.170931759
8/2/23 12:12:25,1.183234908
8/2/23 12:13:25,1.188156168
8/2/23 12:14:25,1.192257218
8/2/23 12:15:25,1.194717848
8/2/23 12:16:25,1.199639108
8/2/23 12:17:25,1.199639108
8/2/23 12:18:25,1.209481627
8/2/23 12:19:25,1.211122047
8/2/23 12:20:25,1.220964567
8/2/23 12:21:25,1.220964567
8/2/23 12:22:25,1.224245407
8/2/23 12:23:25,1.229986877
8/2/23 12:24:25,1.231627297
8/2/23 12:25:25,1.233267717
8/2/23 12:26:25,1.245570866
8/2/23 12:27:25,1.239009186
8/2/23 12:28:25,1.251312336
8/2/23 12:29:25,1.251312336
8/2/23 12:30:25,1.252132546
8/2/23 12:31:25,1.255413386
8/2/23 12:32:25,1.260334646
8/2/23 12:33:25,1.266076115
8/2/23 12:34:25,1.267716535
8/2/23 12:35:25,1.273458005
8/2/23 12:36:25,1.280019685
8/2/23 12:37:25,1.284940945
8/2/23 12:38:25,1.283300525
8/2/23 12:39:25,1.288221785
8/2/23 12:40:25,1.284940945
8/2/23 12:41:25,1.290682415
8/2/23 12:42:25,1.292322835
8/2/23 12:43:25,1.299704724
8/2/23 12:44:25,1.302165354
8/2/23 12:45:25,1.305446194
8/2/23 12:46:25,1.306266404
8/2/23 12:47:25,1.309547244
8/2/23 12:48:25,1.315288714
8/2/23 12:49:25,1.318569554
8/2/23 12:50:25,1.318569554
8/2/23 12:51:25,1.324311024
8/2/23 12:52:25,1.328412073
8/2/23 12:53:25,1.328412073
8/2/23 12:54:25,1.334153543
8/2/23 12:55:25,1.331692913
8/2/23 12:56:25,1.338254593
8/2/23 12:57:25,1.337434383
8/2/23 12:58:25,1.339074803
8/2/23 12:59:25,1.347276903
8/2/23 13:00:25,1.346456693
8/2/23 13:01:25,1.355479003
8/2/23 13:02:25,1.357119423
8/2/23 13:03:25,1.356299213
8/2/23 13:04:25,1.359580052
8/2/23 13:05:25,1.359580052
8/2/23 13:06:25,1.363681102
8/2/23 13:07:25,1.363681102
8/2/23 13:08:25,1.363681102
8/2/23 13:09:25,1.371883202
8/2/23 13:10:25,1.373523622
8/2/23 13:11:25,1.375164042
8/2/23 13:12:25,1.378444882
8/2/23 13:13:25,1.379265092
8/2/23 13:14:25,1.382545932
8/2/23 13:15:25,1.386646982
8/2/23 13:16:25,1.389927822
8/2/23 13:17:25,1.388287402
8/2/23 13:18:25,1.389927822
8/2/23 13:19:25,1.392388451
8/2/23 13:20:25,1.398129921
8/2/23 13:21:25,1.399770341
8/2/23 13:22:25,1.401410761
8/2/23 13:23:25,1.407972441
8/2/23 13:24:25,1.401410761
8/2/23 13:25:25,1.403871391
8/2/23 13:26:25,1.413713911
8/2/23 13:27:25,1.411253281
8/2/23 13:28:25,1.414534121
8/2/23 13:29:25,1.418635171
8/2/23 13:30:25,1.421095801
8/2/23 13:31:25,1.421095801
8/2/23 13:32:25,1.420275591
8/2/23 13:33:25,1.42273622
8/2/23 13:34:25,1.42683727
8/2/23 13:35:25,1.4292979
8/2/23 13:36:25,1.42765748
8/2/23 13:37:25,1.43011811
8/2/23 13:38:25,1.43175853
8/2/23 13:39:25,1.43503937
8/2/23 13:40:25,1.43175853
8/2/23 13:41:25,1.44160105
8/2/23 13:42:25,1.44324147
8/2/23 13:43:25,1.44078084
8/2/23 13:44:25,1.44488189
8/2/23 13:45:25,1.44898294
8/2/23 13:46:25,1.44652231
8/2/23 13:47:25,1.45226378
8/2/23 13:48:25,1.454724409
8/2/23 13:49:25,1.45226378
8/2/23 13:50:25,1.45308399
8/2/23 13:51:25,1.456364829
8/2/23 13:52:25,1.455544619
8/2/23 13:53:25,1.458005249
8/2/23 13:54:25,1.459645669
8/2/23 13:55:25,1.461286089
8/2/23 13:56:25,1.471948819
8/2/23 13:57:25,1.467847769
8/2/23 13:58:25,1.471128609
8/2/23 13:59:25,1.471128609
8/2/23 14:00:25,1.469488189
8/2/23 14:01:25,1.476870079
8/2/23 14:02:25,1.475229659
8/2/23 14:03:25,1.478510499
8/2/23 14:04:25,1.478510499
8/2/23 14:05:25,1.481791339
8/2/23 14:06:25,1.480150919
8/2/23 14:07:25,1.486712598
8/2/23 14:08:25,1.481791339
8/2/23 14:09:25,1.485892388
8/2/23 14:10:25,1.491633858
8/2/23 14:11:25,1.494914698
8/2/23 14:12:25,1.495734908
8/2/23 14:13:25,1.493274278
8/2/23 14:14:25,1.493274278
8/2/23 14:15:25,1.502296588
8/2/23 14:16:25,1.497375328
8/2/23 14:17:25,1.503116798
8/2/23 14:18:25,1.500656168
8/2/23 14:19:25,1.498195538
8/2/23 14:20:25,1.504757218
8/2/23 14:21:25,1.503116798
8/2/23 14:22:25,1.510498688
8/2/23 14:23:25,1.508858268
8/2/23 14:24:25,1.512959318
8/2/23 14:25:25,1.510498688
8/2/23 14:26:25,1.512139108
8/2/23 14:27:25,1.519520997
8/2/23 14:28:25,1.512139108
8/2/23 14:29:25,1.517880577
8/2/23 14:30:25,1.520341207
8/2/23 14:31:25,1.523622047
8/2/23 14:32:25,1.521981627
8/2/23 14:33:25,1.523622047
8/2/23 14:34:25,1.523622047
8/2/23 14:35:25,1.523622047
8/2/23 14:36:25,1.530183727
8/2/23 14:37:25,1.525262467
8/2/23 14:38:25,1.533464567
8/2/23 14:39:25,1.526902887
8/2/23 14:40:25,1.531824147
8/2/23 14:41:25,1.537565617
8/2/23 14:42:25,1.540846457
8/2/23 14:43:25,1.543307087
8/2/23 14:44:25,1.535104987
8/2/23 14:45:25,1.540846457
8/2/23 14:46:25,1.542486877
8/2/23 14:47:25,1.544947507
8/2/23 14:48:25,1.542486877
8/2/23 14:49:25,1.548228346
8/2/23 14:50:25,1.542486877
8/2/23 14:51:25,1.545767717
8/2/23 14:52:25,1.546587927
8/2/23 14:53:25,1.549868766
8/2/23 14:54:25,1.553969816
8/2/23 14:55:25,1.549868766
8/2/23 14:56:25,1.553969816
8/2/23 14:57:25,1.555610236
8/2/23 14:58:25,1.558070866
8/2/23 14:59:25,1.553149606
8/2/23 15:00:25,1.557250656
8/2/23 15:01:25,1.562992126
8/2/23 15:02:25,1.560531496
8/2/23 15:03:25,1.560531496
8/2/23 15:04:25,1.558891076
8/2/23 15:05:25,1.560531496
8/2/23 15:06:25,1.568733596
8/2/23 15:07:25,1.564632546
8/2/23 15:08:25,1.571194226
8/2/23 15:09:25,1.568733596
8/2/23 15:10:25,1.572834646
8/2/23 15:11:25,1.576115486
8/2/23 15:12:25,1.573654856
8/2/23 15:13:25,1.568733596
8/2/23 15:14:25,1.574475066
8/2/23 15:15:25,1.580216535
8/2/23 15:16:25,1.582677165
8/2/23 15:17:25,1.580216535
8/2/23 15:18:25,1.580216535
8/2/23 15:19:25,1.583497375
8/2/23 15:20:25,1.581856955
8/2/23 15:21:25,1.590059055
8/2/23 15:22:25,1.585958005
8/2/23 15:23:25,1.585137795
8/2/23 15:24:25,1.587598425
8/2/23 15:25:25,1.590879265
8/2/23 15:26:25,1.587598425
8/2/23 15:27:25,1.591699475
8/2/23 15:28:25,1.593339895
8/2/23 15:29:25,1.591699475
8/2/23 15:30:25,1.590879265
8/2/23 15:31:25,1.596620735
8/2/23 15:32:25,1.597440945
8/2/23 15:33:25,1.599081365
8/2/23 15:34:25,1.594980315
8/2/23 15:35:25,1.600721785
8/2/23 15:36:25,1.596620735
8/2/23 15:37:25,1.602362205
8/2/23 15:38:25,1.609744094
8/2/23 15:39:25,1.600721785
8/2/23 15:40:25,1.602362205
8/2/23 15:41:25,1.601541995
8/2/23 15:42:25,1.609744094
8/2/23 15:43:25,1.609744094
8/2/23 15:44:25,1.604002625
8/2/23 15:45:25,1.606463255
8/2/23 15:46:25,1.613845144
8/2/23 15:47:25,1.612204724
8/2/23 15:48:25,1.617946194
8/2/23 15:49:25,1.611384514
8/2/23 15:50:25,1.617946194
8/2/23 15:51:25,1.615485564
8/2/23 15:52:25,1.619586614
8/2/23 15:53:25,1.617946194
8/2/23 15:54:25,1.613845144
8/2/23 15:55:25,1.617946194
8/2/23 15:56:25,1.621227034
8/2/23 15:57:25,1.619586614
8/2/23 15:58:25,1.626968504
8/2/23 15:59:25,1.621227034
8/2/23 16:00:25,1.621227034
8/2/23 16:01:25,1.625328084
8/2/23 16:02:25,1.625328084
8/2/23 16:03:25,1.627788714
8/2/23 16:04:25,1.625328084
8/2/23 16:05:25,1.631069554
8/2/23 16:06:25,1.626968504
8/2/23 16:07:25,1.628608924
8/2/23 16:08:25,1.634350394
8/2/23 16:09:25,1.631069554
8/2/23 16:10:25,1.632709974
8/2/23 16:11:25,1.632709974
8/2/23 16:12:25,1.636811024
8/2/23 16:13:25,1.638451444
8/2/23 16:14:25,1.638451444
8/2/23 16:15:25,1.638451444
8/2/23 16:16:25,1.640091864
8/2/23 16:17:25,1.640912073
8/2/23 16:18:25,1.642552493
8/2/23 16:19:25,1.640091864
8/2/23 16:20:25,1.640912073
8/2/23 16:21:25,1.645833333
8/2/23 16:22:25,1.645833333
8/2/23 16:23:25,1.643372703
8/2/23 16:24:25,1.641732283
8/2/23 16:25:25,1.647473753
8/2/23 16:26:25,1.645833333
8/2/23 16:27:25,1.643372703
8/2/23 16:28:25,1.645013123
8/2/23 16:29:25,1.643372703
8/2/23 16:30:25,1.647473753
8/2/23 16:31:25,1.654855643
8/2/23 16:32:25,1.649114173
8/2/23 16:33:25,1.643372703
8/2/23 16:34:25,1.655675853
8/2/23 16:35:25,1.653215223
8/2/23 16:36:25,1.653215223
8/2/23 16:37:25,1.651574803
8/2/23 16:38:25,1.653215223
8/2/23 16:39:25,1.653215223
8/2/23 16:40:25,1.656496063
8/2/23 16:41:25,1.657316273
8/2/23 16:42:25,1.661417323
8/2/23 16:43:25,1.656496063
8/2/23 16:44:25,1.656496063
8/2/23 16:45:25,1.653215223
8/2/23 16:46:25,1.654855643
8/2/23 16:47:25,1.658956693
8/2/23 16:48:25,1.660597113
8/2/23 16:49:25,1.662237533
8/2/23 16:50:25,1.662237533
8/2/23 16:51:25,1.660597113
8/2/23 16:52:25,1.670439633
8/2/23 16:53:25,1.660597113
8/2/23 16:54:25,1.666338583
8/2/23 16:55:25,1.668799213
8/2/23 16:56:25,1.664698163
8/2/23 16:57:25,1.664698163
8/2/23 16:58:25,1.666338583
8/2/23 16:59:25,1.669619423
8/2/23 17:00:25,1.670439633
8/2/23 17:01:25,1.663877953
8/2/23 17:02:25,1.670439633
8/2/23 17:03:25,1.670439633
8/2/23 17:04:25,1.675360892
8/2/23 17:05:25,1.672080052
8/2/23 17:06:25,1.676181102
8/2/23 17:07:25,1.673720472
8/2/23 17:08:25,1.676181102
8/2/23 17:09:25,1.672080052
8/2/23 17:10:25,1.672080052
8/2/23 17:11:25,1.670439633
8/2/23 17:12:25,1.675360892
8/2/23 17:13:25,1.676181102
8/2/23 17:14:25,1.671259843
8/2/23 17:15:25,1.681102362
8/2/23 17:16:25,1.677001312
8/2/23 17:17:25,1.673720472
8/2/23 17:18:25,1.675360892
8/2/23 17:19:25,1.683562992
8/2/23 17:20:25,1.677001312
8/2/23 17:21:25,1.681102362
8/2/23 17:22:25,1.682742782
8/2/23 17:23:25,1.689304462
8/2/23 17:24:25,1.686843832
8/2/23 17:25:25,1.682742782
8/2/23 17:26:25,1.684383202
8/2/23 17:27:25,1.686843832
8/2/23 17:28:25,1.686843832
8/2/23 17:29:25,1.686843832
8/2/23 17:30:25,1.694225722
8/2/23 17:31:25,1.692585302
8/2/23 17:32:25,1.690944882
8/2/23 17:33:25,1.688484252
8/2/23 17:34:25,1.688484252
8/2/23 17:35:25,1.688484252
8/2/23 17:36:25,1.698326772
8/2/23 17:37:25,1.694225722
8/2/23 17:38:25,1.694225722
8/2/23 17:39:25,1.698326772
8/2/23 17:40:25,1.696686352
8/2/23 17:41:25,1.691765092
8/2/23 17:42:25,1.695045932
8/2/23 17:43:25,1.698326772
8/2/23 17:44:25,1.698326772
8/2/23 17:45:25,1.698326772
8/2/23 17:46:25,1.706528871
8/2/23 17:47:25,1.704068241
8/2/23 17:48:25,1.699967192
8/2/23 17:49:25,1.705708661
8/2/23 17:50:25,1.703248031
8/2/23 17:51:25,1.701607612
8/2/23 17:52:25,1.707349081
8/2/23 17:53:25,1.705708661
8/2/23 17:54:25,1.701607612
8/2/23 17:55:25,1.705708661
8/2/23 17:56:25,1.708169291
8/2/23 17:57:25,1.703248031
8/2/23 17:58:25,1.704888451
8/2/23 17:59:25,1.707349081
8/2/23 18:00:25,1.704888451
8/2/23 18:01:25,1.706528871
8/2/23 18:02:25,1.706528871
8/2/23 18:03:25,1.706528871
8/2/23 18:04:25,1.711450131
8/2/23 18:05:25,1.711450131
8/2/23 18:06:25,1.704888451
8/2/23 18:07:25,1.708989501
8/2/23 18:08:25,1.714730971
8/2/23 18:09:25,1.714730971
8/2/23 18:10:25,1.714730971
8/2/23 18:11:25,1.710629921
8/2/23 18:12:25,1.710629921
8/2/23 18:13:25,1.714730971
8/2/23 18:14:25,1.713090551
8/2/23 18:15:25,1.712270341
8/2/23 18:16:25,1.716371391
8/2/23 18:17:25,1.716371391
8/2/23 18:18:25,1.718832021
8/2/23 18:19:25,1.718011811
8/2/23 18:20:25,1.720472441
8/2/23 18:21:25,1.718011811
8/2/23 18:22:25,1.723753281
8/2/23 18:23:25,1.726213911
8/2/23 18:24:25,1.724573491
8/2/23 18:25:25,1.724573491
8/2/23 18:26:25,1.729494751
8/2/23 18:27:25,1.723753281
8/2/23 18:28:25,1.731955381
8/2/23 18:29:25,1.731955381
8/2/23 18:30:25,1.730314961
8/2/23 18:31:25,1.730314961
8/2/23 18:32:25,1.73441601
8/2/23 18:33:25,1.729494751
8/2/23 18:34:25,1.727854331
8/2/23 18:35:25,1.731955381
8/2/23 18:36:25,1.732775591
8/2/23 18:37:25,1.733595801
8/2/23 18:38:25,1.731955381
8/2/23 18:39:25,1.730314961
8/2/23 18:40:25,1.731955381
8/2/23 18:41:25,1.73523622
8/2/23 18:42:25,1.74015748
8/2/23 18:43:25,1.73523622
8/2/23 18:44:25,1.73769685
8/2/23 18:45:25,1.731955381
8/2/23 18:46:25,1.731135171
8/2/23 18:47:25,1.733595801
8/2/23 18:48:25,1.733595801
8/2/23 18:49:25,1.73933727
8/2/23 18:50:25,1.73605643
8/2/23 18:51:25,1.74097769
8/2/23 18:52:25,1.74097769
8/2/23 18:53:25,1.73687664
8/2/23 18:54:25,1.73851706
8/2/23 18:55:25,1.74097769
8/2/23 18:56:25,1.74097769
8/2/23 18:57:25,1.74671916
8/2/23 18:58:25,1.74671916
8/2/23 18:59:25,1.74261811
8/2/23 19:00:25,1.74507874
8/2/23 19:01:25,1.74097769
8/2/23 19:02:25,1.74507874
8/2/23 19:03:25,1.74261811
8/2/23 19:04:25,1.75082021
8/2/23 19:05:25,1.74671916
8/2/23 19:06:25,1.74507874
8/2/23 19:07:25,1.74507874
8/2/23 19:08:25,1.75246063
8/2/23 19:09:25,1.74261811
8/2/23 19:10:25,1.74835958
8/2/23 19:11:25,1.75246063
8/2/23 19:12:25,1.74835958
8/2/23 19:13:25,1.75082021
8/2/23 19:14:25,1.75082021
8/2/23 19:15:25,1.75
8/2/23 19:16:25,1.75
8/2/23 19:17:25,1.75656168
8/2/23 19:18:25,1.75410105
8/2/23 19:19:25,1.75574147
8/2/23 19:20:25,1.75410105
8/2/23 19:21:25,1.7582021
8/2/23 19:22:25,1.7582021
8/2/23 19:23:25,1.75574147
8/2/23 19:24:25,1.75410105
8/2/23 19:25:25,1.75
8/2/23 19:26:25,1.76066273
8/2/23 19:27:25,1.75656168
8/2/23 19:28:25,1.7582021
8/2/23 19:29:25,1.75984252
8/2/23 19:30:25,1.75984252
8/2/23 19:31:25,1.766404199
8/2/23 19:32:25,1.76230315
8/2/23 19:33:25,1.7582021
8/2/23 19:34:25,1.76394357
8/2/23 19:35:25,1.76394357
8/2/23 19:36:25,1.76558399
8/2/23 19:37:25,1.76558399
8/2/23 19:38:25,1.76558399
8/2/23 19:39:25,1.76230315
8/2/23 19:40:25,1.76148294
8/2/23 19:41:25,1.76558399
8/2/23 19:42:25,1.75984252
8/2/23 19:43:25,1.767224409
8/2/23 19:44:25,1.76558399
8/2/23 19:45:25,1.768864829
8/2/23 19:46:25,1.76312336
8/2/23 19:47:25,1.767224409
8/2/23 19:48:25,1.76558399
8/2/23 19:49:25,1.766404199
8/2/23 19:50:25,1.767224409
8/2/23 19:51:25,1.767224409
8/2/23 19:52:25,1.76476378
8/2/23 19:53:25,1.766404199
8/2/23 19:54:25,1.768864829
8/2/23 19:55:25,1.768864829
8/2/23 19:56:25,1.768864829
8/2/23 19:57:25,1.768864829
8/2/23 19:58:25,1.774606299
8/2/23 19:59:25,1.771325459
8/2/23 20:00:25,1.771325459
8/2/23 20:01:25,1.772965879
8/2/23 20:02:25,1.768864829
8/2/23 20:03:25,1.772965879
8/2/23 20:04:25,1.774606299
8/2/23 20:05:25,1.777066929
8/2/23 20:06:25,1.771325459
8/2/23 20:07:25,1.777066929
8/2/23 20:08:25,1.772145669
8/2/23 20:09:25,1.775426509
8/2/23 20:10:25,1.774606299
8/2/23 20:11:25,1.778707349
8/2/23 20:12:25,1.775426509
8/2/23 20:13:25,1.774606299
8/2/23 20:14:25,1.774606299
8/2/23 20:15:25,1.780347769
8/2/23 20:16:25,1.781167979
8/2/23 20:17:25,1.774606299
8/2/23 20:18:25,1.782808399
8/2/23 20:19:25,1.781167979
8/2/23 20:20:25,1.781167979
8/2/23 20:21:25,1.780347769
8/2/23 20:22:25,1.785269029
8/2/23 20:23:25,1.781167979
8/2/23 20:24:25,1.784448819
8/2/23 20:25:25,1.782808399
8/2/23 20:26:25,1.782808399
8/2/23 20:27:25,1.781167979
8/2/23 20:28:25,1.781167979
8/2/23 20:29:25,1.785269029
8/2/23 20:30:25,1.784448819
8/2/23 20:31:25,1.782808399
8/2/23 20:32:25,1.784448819
8/2/23 20:33:25,1.786909449
8/2/23 20:34:25,1.786909449
8/2/23 20:35:25,1.788549869
8/2/23 20:36:25,1.788549869
8/2/23 20:37:25,1.786909449
8/2/23 20:38:25,1.791010499
8/2/23 20:39:25,1.788549869
8/2/23 20:40:25,1.786909449
8/2/23 20:41:25,1.786909449
8/2/23 20:42:25,1.786909449
8/2/23 20:43:25,1.788549869
8/2/23 20:44:25,1.788549869
8/2/23 20:45:25,1.788549869
8/2/23 20:46:25,1.786089239
8/2/23 20:47:25,1.784448819
8/2/23 20:48:25,1.791010499
8/2/23 20:49:25,1.788549869
8/2/23 20:50:25,1.792650919
8/2/23 20:51:25,1.792650919
8/2/23 20:52:25,1.792650919
8/2/23 20:53:25,1.794291339
8/2/23 20:54:25,1.792650919
8/2/23 20:55:25,1.794291339
8/2/23 20:56:25,1.796751969
8/2/23 20:57:25,1.790190289
8/2/23 20:58:25,1.792650919
8/2/23 20:59:25,1.798392388
8/2/23 21:00:25,1.786909449
8/2/23 21:01:25,1.791010499
8/2/23 21:02:25,1.792650919
8/2/23 21:03:25,1.794291339
8/2/23 21:04:25,1.790190289
8/2/23 21:05:25,1.796751969
8/2/23 21:06:25,1.795111549
8/2/23 21:07:25,1.796751969
8/2/23 21:08:25,1.790190289
8/2/23 21:09:25,1.794291339
8/2/23 21:10:25,1.800853018
8/2/23 21:11:25,1.799212598
8/2/23 21:12:25,1.799212598
8/2/23 21:13:25,1.794291339
8/2/23 21:14:25,1.796751969
8/2/23 21:15:25,1.791010499
8/2/23 21:16:25,1.795111549
8/2/23 21:17:25,1.799212598
8/2/23 21:18:25,1.802493438
8/2/23 21:19:25,1.795111549
8/2/23 21:20:25,1.797572178
8/2/23 21:21:25,1.802493438
8/2/23 21:22:25,1.800853018
8/2/23 21:23:25,1.800853018
8/2/23 21:24:25,1.800853018
8/2/23 21:25:25,1.799212598
8/2/23 21:26:25,1.802493438
8/2/23 21:27:25,1.804133858
8/2/23 21:28:25,1.800853018
8/2/23 21:29:25,1.806594488
8/2/23 21:30:25,1.806594488
8/2/23 21:31:25,1.800853018
8/2/23 21:32:25,1.804954068
8/2/23 21:33:25,1.804133858
8/2/23 21:34:25,1.804954068
8/2/23 21:35:25,1.810695538
8/2/23 21:36:25,1.804954068
8/2/23 21:37:25,1.803313648
8/2/23 21:38:25,1.804954068
8/2/23 21:39:25,1.806594488
8/2/23 21:40:25,1.810695538
8/2/23 21:41:25,1.804954068
8/2/23 21:42:25,1.807414698
8/2/23 21:43:25,1.808234908
8/2/23 21:44:25,1.806594488
8/2/23 21:45:25,1.810695538
8/2/23 21:46:25,1.810695538
8/2/23 21:47:25,1.813156168
8/2/23 21:48:25,1.818897638
8/2/23 21:49:25,1.817257218
8/2/23 21:50:25,1.818897638
8/2/23 21:51:25,1.818077428
8/2/23 21:52:25,1.816437008
8/2/23 21:53:25,1.820538058
8/2/23 21:54:25,1.827099738
8/2/23 21:55:25,1.822998688
8/2/23 21:56:25,1.822998688
8/2/23 21:57:25,1.826279528
8/2/23 21:58:25,1.816437008
8/2/23 21:59:25,1.820538058
8/2/23 22:00:25,1.821358268
8/2/23 22:01:25,1.824639108
8/2/23 22:02:25,1.824639108
8/2/23 22:03:25,1.824639108
8/2/23 22:04:25,1.822998688
8/2/23 22:05:25,1.826279528
8/2/23 22:06:25,1.822998688
8/2/23 22:07:25,1.820538058
8/2/23 22:08:25,1.831200787
8/2/23 22:09:25,1.831200787
8/2/23 22:10:25,1.826279528
8/2/23 22:11:25,1.830380577
8/2/23 22:12:25,1.824639108
8/2/23 22:13:25,1.830380577
8/2/23 22:14:25,1.831200787
8/2/23 22:15:25,1.828740157
8/2/23 22:16:25,1.832841207
8/2/23 22:17:25,1.828740157
8/2/23 22:18:25,1.829560367
8/2/23 22:19:25,1.836942257
8/2/23 22:20:25,1.832841207
8/2/23 22:21:25,1.837762467
8/2/23 22:22:25,1.836122047
8/2/23 22:23:25,1.838582677
8/2/23 22:24:25,1.838582677
8/2/23 22:25:25,1.836942257
8/2/23 22:26:25,1.837762467
8/2/23 22:27:25,1.838582677
8/2/23 22:28:25,1.836942257
8/2/23 22:29:25,1.834481627
8/2/23 22:30:25,1.839402887
8/2/23 22:31:25,1.839402887
8/2/23 22:32:25,1.841043307
8/2/23 22:33:25,1.836122047
8/2/23 22:34:25,1.835301837
8/2/23 22:35:25,1.837762467
8/2/23 22:36:25,1.842683727
8/2/23 22:37:25,1.841043307
8/2/23 22:38:25,1.844324147
8/2/23 22:39:25,1.842683727
8/2/23 22:40:25,1.844324147
8/2/23 22:41:25,1.845144357
8/2/23 22:42:25,1.837762467
8/2/23 22:43:25,1.842683727
8/2/23 22:44:25,1.842683727
8/2/23 22:45:25,1.842683727
8/2/23 22:46:25,1.842683727
8/2/23 22:47:25,1.836122047
8/2/23 22:48:25,1.841043307
8/2/23 22:49:25,1.846784777
8/2/23 22:50:25,1.838582677
8/2/23 22:51:25,1.840223097
8/2/23 22:52:25,1.846784777
8/2/23 22:53:25,1.845144357
8/2/23 22:54:25,1.841863517
8/2/23 22:55:25,1.844324147
8/2/23 22:56:25,1.848425197
8/2/23 22:57:25,1.848425197
8/2/23 22:58:25,1.845144357
8/2/23 22:59:25,1.845144357
8/2/23 23:00:25,1.850065617
8/2/23 23:01:25,1.842683727
8/2/23 23:02:25,1.845144357
8/2/23 23:03:25,1.852526247
8/2/23 23:04:25,1.852526247
8/2/23 23:05:25,1.856627297
8/2/23 23:06:25,1.852526247
8/2/23 23:07:25,1.850065617
8/2/23 23:08:25,1.848425197
8/2/23 23:09:25,1.852526247
8/2/23 23:10:25,1.854986877
8/2/23 23:11:25,1.848425197
8/2/23 23:12:25,1.856627297
8/2/23 23:13:25,1.850885827
8/2/23 23:14:25,1.852526247
8/2/23 23:15:25,1.849245407
8/2/23 23:16:25,1.851706037
8/2/23 23:17:25,1.854166667
8/2/23 23:18:25,1.858267717
8/2/23 23:19:25,1.850065617
8/2/23 23:20:25,1.854166667
8/2/23 23:21:25,1.850885827
8/2/23 23:22:25,1.854166667
8/2/23 23:23:25,1.851706037
8/2/23 23:24:25,1.851706037
8/2/23 23:25:25,1.857447507
8/2/23 23:26:25,1.853346457
8/2/23 23:27:25,1.853346457
8/2/23 23:28:25,1.857447507
8/2/23 23:29:25,1.853346457
8/2/23 23:30:25,1.858267717
8/2/23 23:31:25,1.857447507
8/2/23 23:32:25,1.857447507
8/2/23 23:33:25,1.859087927
8/2/23 23:34:25,1.853346457
8/2/23 23:35:25,1.859087927
8/2/23 23:36:25,1.857447507
8/2/23 23:37:25,1.859908136
8/2/23 23:38:25,1.859908136
8/2/23 23:39:25,1.865649606
8/2/23 23:40:25,1.859087927
8/2/23 23:41:25,1.865649606
8/2/23 23:42:25,1.859908136
8/2/23 23:43:25,1.862368766
8/2/23 23:44:25,1.861548556
8/2/23 23:45:25,1.857447507
8/2/23 23:46:25,1.865649606
8/2/23 23:47:25,1.865649606
8/2/23 23:48:25,1.861548556
8/2/23 23:49:25,1.859087927
8/2/23 23:50:25,1.865649606
8/2/23 23:51:25,1.860728346
8/2/23 23:52:25,1.863188976
8/2/23 23:53:25,1.865649606
8/2/23 23:54:25,1.868110236
8/2/23 23:55:25,1.863188976
8/2/23 23:56:25,1.863188976
8/2/23 23:57:25,1.866469816
8/2/23 23:58:25,1.864829396
8/2/23 23:59:25,1.867290026
8/3/23 0:00:25,1.862368766
8/3/23 0:01:25,1.860728346
8/3/23 0:02:25,1.867290026
8/3/23 0:03:25,1.865649606
8/3/23 0:04:25,1.867290026
8/3/23 0:05:25,1.864829396
8/3/23 0:06:25,1.867290026
8/3/23 0:07:25,1.872211286
8/3/23 0:08:25,1.873031496
8/3/23 0:09:25,1.864829396
8/3/23 0:10:25,1.864829396
8/3/23 0:11:25,1.863188976
8/3/23 0:12:25,1.864829396
8/3/23 0:13:25,1.868930446
8/3/23 0:14:25,1.866469816
8/3/23 0:15:25,1.868930446
8/3/23 0:16:25,1.868110236
8/3/23 0:17:25,1.866469816
8/3/23 0:18:25,1.868110236
8/3/23 0:19:25,1.869750656
8/3/23 0:20:25,1.859908136
8/3/23 0:21:25,1.872211286
8/3/23 0:22:25,1.866469816
8/3/23 0:23:25,1.871391076
8/3/23 0:24:25,1.875492126
8/3/23 0:25:25,1.868930446
8/3/23 0:26:25,1.872211286
8/3/23 0:27:25,1.875492126
8/3/23 0:28:25,1.872211286
8/3/23 0:29:25,1.877952756
8/3/23 0:30:25,1.873851706
8/3/23 0:31:25,1.879593176
8/3/23 0:32:25,1.873851706
8/3/23 0:33:25,1.870570866
8/3/23 0:34:25,1.873851706
8/3/23 0:35:25,1.876312336
8/3/23 0:36:25,1.881233596
8/3/23 0:37:25,1.882053806
8/3/23 0:38:25,1.882053806
8/3/23 0:39:25,1.883694226
8/3/23 0:40:25,1.877952756
8/3/23 0:41:25,1.882053806
8/3/23 0:42:25,1.882053806
8/3/23 0:43:25,1.875492126
8/3/23 0:44:25,1.886154856
8/3/23 0:45:25,1.878772966
8/3/23 0:46:25,1.881233596
8/3/23 0:47:25,1.879593176
8/3/23 0:48:25,1.882053806
8/3/23 0:49:25,1.886154856
8/3/23 0:50:25,1.885334646
8/3/23 0:51:25,1.886154856
8/3/23 0:52:25,1.887795276
8/3/23 0:53:25,1.883694226
8/3/23 0:54:25,1.883694226
8/3/23 0:55:25,1.881233596
8/3/23 0:56:25,1.887795276
8/3/23 0:57:25,1.886154856
8/3/23 0:58:25,1.881233596
8/3/23 0:59:25,1.885334646
8/3/23 1:00:25,1.889435696
8/3/23 1:01:25,1.885334646
8/3/23 1:02:25,1.886975066
8/3/23 1:03:25,1.887795276
8/3/23 1:04:25,1.889435696
8/3/23 1:05:25,1.887795276
8/3/23 1:06:25,1.885334646
8/3/23 1:07:25,1.891076115
8/3/23 1:08:25,1.888615486
8/3/23 1:09:25,1.889435696
8/3/23 1:10:25,1.889435696
8/3/23 1:11:25,1.891896325
8/3/23 1:12:25,1.889435696
8/3/23 1:13:25,1.896817585
8/3/23 1:14:25,1.895177165
8/3/23 1:15:25,1.891076115
8/3/23 1:16:25,1.895177165
8/3/23 1:17:25,1.894356955
8/3/23 1:18:25,1.891896325
8/3/23 1:19:25,1.887795276
8/3/23 1:20:25,1.895177165
8/3/23 1:21:25,1.893536745
8/3/23 1:22:25,1.893536745
8/3/23 1:23:25,1.896817585
8/3/23 1:24:25,1.895177165
8/3/23 1:25:25,1.893536745
8/3/23 1:26:25,1.892716535
8/3/23 1:27:25,1.887795276
8/3/23 1:28:25,1.889435696
8/3/23 1:29:25,1.887795276
8/3/23 1:30:25,1.891076115
8/3/23 1:31:25,1.888615486
8/3/23 1:32:25,1.889435696
8/3/23 1:33:25,1.895177165
8/3/23 1:34:25,1.891076115
8/3/23 1:35:25,1.889435696
8/3/23 1:36:25,1.886975066
8/3/23 1:37:25,1.888615486
8/3/23 1:38:25,1.892716535
8/3/23 1:39:25,1.891076115
8/3/23 1:40:25,1.895177165
8/3/23 1:41:25,1.899278215
8/3/23 1:42:25,1.895177165
8/3/23 1:43:25,1.891076115
8/3/23 1:44:25,1.891076115
8/3/23 1:45:25,1.894356955
8/3/23 1:46:25,1.892716535
8/3/23 1:47:25,1.894356955
8/3/23 1:48:25,1.894356955
8/3/23 1:49:25,1.896817585
8/3/23 1:50:25,1.892716535
8/3/23 1:51:25,1.890255906
8/3/23 1:52:25,1.892716535
8/3/23 1:53:25,1.892716535
8/3/23 1:54:25,1.894356955
8/3/23 1:55:25,1.892716535
8/3/23 1:56:25,1.895177165
8/3/23 1:57:25,1.891896325
8/3/23 1:58:25,1.894356955
8/3/23 1:59:25,1.898458005
8/3/23 2:00:25,1.886975066
8/3/23 2:01:25,1.895177165
8/3/23 2:02:25,1.890255906
8/3/23 2:03:25,1.898458005
8/3/23 2:04:25,1.894356955
8/3/23 2:05:25,1.896817585
8/3/23 2:06:25,1.900918635
8/3/23 2:07:25,1.892716535
8/3/23 2:08:25,1.896817585
8/3/23 2:09:25,1.895997375
8/3/23 2:10:25,1.896817585
8/3/23 2:11:25,1.894356955
8/3/23 2:12:25,1.897637795
8/3/23 2:13:25,1.892716535
8/3/23 2:14:25,1.890255906
8/3/23 2:15:25,1.896817585
8/3/23 2:16:25,1.898458005
8/3/23 2:17:25,1.896817585
8/3/23 2:18:25,1.900098425
8/3/23 2:19:25,1.898458005
8/3/23 2:20:25,1.895997375
8/3/23 2:21:25,1.895997375
8/3/23 2:22:25,1.897637795
8/3/23 2:23:25,1.897637795
8/3/23 2:24:25,1.897637795
8/3/23 2:25:25,1.894356955
8/3/23 2:26:25,1.901738845
8/3/23 2:27:25,1.901738845
8/3/23 2:28:25,1.903379265
8/3/23 2:29:25,1.901738845
8/3/23 2:30:25,1.901738845
8/3/23 2:31:25,1.903379265
8/3/23 2:32:25,1.901738845
8/3/23 2:33:25,1.901738845
8/3/23 2:34:25,1.903379265
8/3/23 2:35:25,1.904199475
8/3/23 2:36:25,1.901738845
8/3/23 2:37:25,1.900098425
8/3/23 2:38:25,1.897637795
8/3/23 2:39:25,1.899278215
8/3/23 2:40:25,1.900098425
8/3/23 2:41:25,1.900098425
8/3/23 2:42:25,1.901738845
8/3/23 2:43:25,1.903379265
8/3/23 2:44:25,1.904199475
8/3/23 2:45:25,1.902559055
8/3/23 2:46:25,1.901738845
8/3/23 2:47:25,1.904199475
8/3/23 2:48:25,1.907480315
8/3/23 2:49:25,1.907480315
8/3/23 2:50:25,1.911581365
8/3/23 2:51:25,1.901738845
8/3/23 2:52:25,1.905839895
8/3/23 2:53:25,1.901738845
8/3/23 2:54:25,1.904199475
8/3/23 2:55:25,1.903379265
8/3/23 2:56:25,1.909940945
8/3/23 2:57:25,1.905019685
8/3/23 2:58:25,1.910761155
8/3/23 2:59:25,1.903379265
8/3/23 3:00:25,1.905839895
8/3/23 3:01:25,1.907480315
8/3/23 3:02:25,1.907480315
8/3/23 3:03:25,1.907480315
8/3/23 3:04:25,1.907480315
8/3/23 3:05:25,1.911581365
8/3/23 3:06:25,1.905839895
8/3/23 3:07:25,1.907480315
8/3/23 3:08:25,1.906660105
8/3/23 3:09:25,1.905839895
8/3/23 3:10:25,1.909120735
8/3/23 3:11:25,1.905839895
8/3/23 3:12:25,1.909120735
8/3/23 3:13:25,1.905839895
8/3/23 3:14:25,1.904199475
8/3/23 3:15:25,1.911581365
8/3/23 3:16:25,1.909940945
8/3/23 3:17:25,1.905839895
8/3/23 3:18:25,1.903379265
8/3/23 3:19:25,1.907480315
8/3/23 3:20:25,1.903379265
8/3/23 3:21:25,1.911581365
8/3/23 3:22:25,1.903379265
8/3/23 3:23:25,1.910761155
8/3/23 3:24:25,1.903379265
8/3/23 3:25:25,1.908300525
8/3/23 3:26:25,1.909940945
8/3/23 3:27:25,1.907480315
8/3/23 3:28:25,1.908300525
8/3/23 3:29:25,1.905839895
8/3/23 3:30:25,1.907480315
8/3/23 3:31:25,1.909120735
8/3/23 3:32:25,1.913221785
8/3/23 3:33:25,1.909120735
8/3/23 3:34:25,1.913221785
8/3/23 3:35:25,1.914041995
8/3/23 3:36:25,1.913221785
8/3/23 3:37:25,1.911581365
8/3/23 3:38:25,1.916502625
8/3/23 3:39:25,1.919783465
8/3/23 3:40:25,1.905839895
8/3/23 3:41:25,1.909940945
8/3/23 3:42:25,1.913221785
8/3/23 3:43:25,1.909940945
8/3/23 3:44:25,1.914041995
8/3/23 3:45:25,1.909940945
8/3/23 3:46:25,1.909940945
8/3/23 3:47:25,1.913221785
8/3/23 3:48:25,1.913221785
8/3/23 3:49:25,1.919783465
8/3/23 3:50:25,1.915682415
8/3/23 3:51:25,1.913221785
8/3/23 3:52:25,1.917322835
8/3/23 3:53:25,1.918143045
8/3/23 3:54:25,1.919783465
8/3/23 3:55:25,1.918143045
8/3/23 3:56:25,1.914041995
8/3/23 3:57:25,1.920603675
8/3/23 3:58:25,1.915682415
8/3/23 3:59:25,1.914862205
8/3/23 4:00:25,1.918963255
8/3/23 4:01:25,1.918143045
8/3/23 4:02:25,1.917322835
8/3/23 4:03:25,1.913221785
8/3/23 4:04:25,1.915682415
8/3/23 4:05:25,1.918963255
8/3/23 4:06:25,1.914041995
8/3/23 4:07:25,1.914041995
8/3/23 4:08:25,1.920603675
8/3/23 4:09:25,1.918143045
8/3/23 4:10:25,1.920603675
8/3/23 4:11:25,1.917322835
8/3/23 4:12:25,1.917322835
8/3/23 4:13:25,1.920603675
8/3/23 4:14:25,1.918963255
8/3/23 4:15:25,1.918963255
8/3/23 4:16:25,1.918963255
8/3/23 4:17:25,1.914041995
8/3/23 4:18:25,1.914862205
8/3/23 4:19:25,1.914041995
8/3/23 4:20:25,1.916502625
8/3/23 4:21:25,1.915682415
8/3/23 4:22:25,1.915682415
8/3/23 4:23:25,1.916502625
8/3/23 4:24:25,1.915682415
8/3/23 4:25:25,1.923064304
8/3/23 4:26:25,1.923884514
8/3/23 4:27:25,1.918963255
8/3/23 4:28:25,1.916502625
8/3/23 4:29:25,1.915682415
8/3/23 4:30:25,1.920603675
8/3/23 4:31:25,1.922244094
8/3/23 4:32:25,1.918143045
8/3/23 4:33:25,1.921423885
8/3/23 4:34:25,1.914041995
8/3/23 4:35:25,1.917322835
8/3/23 4:36:25,1.919783465
8/3/23 4:37:25,1.923064304
8/3/23 4:38:25,1.923064304
8/3/23 4:39:25,1.920603675
8/3/23 4:40:25,1.923064304
8/3/23 4:41:25,1.919783465
8/3/23 4:42:25,1.923064304
8/3/23 4:43:25,1.923064304
8/3/23 4:44:25,1.919783465
8/3/23 4:45:25,1.918963255
8/3/23 4:46:25,1.921423885
8/3/23 4:47:25,1.923064304
8/3/23 4:48:25,1.922244094
8/3/23 4:49:25,1.922244094
8/3/23 4:50:25,1.923064304
8/3/23 4:51:25,1.920603675
8/3/23 4:52:25,1.918963255
8/3/23 4:53:25,1.920603675
8/3/23 4:54:25,1.921423885
8/3/23 4:55:25,1.916502625
8/3/23 4:56:25,1.923064304
8/3/23 4:57:25,1.922244094
8/3/23 4:58:25,1.919783465
8/3/23 4:59:25,1.920603675
8/3/23 5:00:25,1.923064304
8/3/23 5:01:25,1.919783465
8/3/23 5:02:25,1.919783465
8/3/23 5:03:25,1.918963255
8/3/23 5:04:25,1.916502625
8/3/23 5:05:25,1.918963255
8/3/23 5:06:25,1.918143045
8/3/23 5:07:25,1.921423885
8/3/23 5:08:25,1.922244094
8/3/23 5:09:25,1.921423885
8/3/23 5:10:25,1.919783465
8/3/23 5:11:25,1.918143045
8/3/23 5:12:25,1.924704724
8/3/23 5:13:25,1.915682415
8/3/23 5:14:25,1.923064304
8/3/23 5:15:25,1.920603675
8/3/23 5:16:25,1.917322835
8/3/23 5:17:25,1.926345144
8/3/23 5:18:25,1.924704724
8/3/23 5:19:25,1.927165354
8/3/23 5:20:25,1.923064304
8/3/23 5:21:25,1.926345144
8/3/23 5:22:25,1.927985564
8/3/23 5:23:25,1.918143045
8/3/23 5:24:25,1.926345144
8/3/23 5:25:25,1.927165354
8/3/23 5:26:25,1.926345144
8/3/23 5:27:25,1.926345144
8/3/23 5:28:25,1.924704724
8/3/23 5:29:25,1.922244094
8/3/23 5:30:25,1.925524934
8/3/23 5:31:25,1.924704724
8/3/23 5:32:25,1.927985564
8/3/23 5:33:25,1.926345144
8/3/23 5:34:25,1.925524934
8/3/23 5:35:25,1.925524934
8/3/23 5:36:25,1.924704724
8/3/23 5:37:25,1.930446194
8/3/23 5:38:25,1.924704724
8/3/23 5:39:25,1.932906824
8/3/23 5:40:25,1.925524934
8/3/23 5:41:25,1.927165354
8/3/23 5:42:25,1.922244094
8/3/23 5:43:25,1.921423885
8/3/23 5:44:25,1.930446194
8/3/23 5:45:25,1.920603675
8/3/23 5:46:25,1.927165354
8/3/23 5:47:25,1.926345144
8/3/23 5:48:25,1.930446194
8/3/23 5:49:25,1.933727034
8/3/23 5:50:25,1.923064304
8/3/23 5:51:25,1.923064304
8/3/23 5:52:25,1.929625984
8/3/23 5:53:25,1.928805774
8/3/23 5:54:25,1.924704724
8/3/23 5:55:25,1.921423885
8/3/23 5:56:25,1.925524934
8/3/23 5:57:25,1.925524934
8/3/23 5:58:25,1.924704724
8/3/23 5:59:25,1.924704724
8/3/23 6:00:25,1.932086614
8/3/23 6:01:25,1.925524934
8/3/23 6:02:25,1.927165354
8/3/23 6:03:25,1.927165354
8/3/23 6:04:25,1.932086614
8/3/23 6:05:25,1.921423885
8/3/23 6:06:25,1.928805774
8/3/23 6:07:25,1.923064304
8/3/23 6:08:25,1.923884514
8/3/23 6:09:25,1.922244094
8/3/23 6:10:25,1.927165354
8/3/23 6:11:25,1.920603675
8/3/23 6:12:25,1.921423885
8/3/23 6:13:25,1.928805774
8/3/23 6:14:25,1.926345144
8/3/23 6:15:25,1.926345144
8/3/23 6:16:25,1.923884514
8/3/23 6:17:25,1.926345144
8/3/23 6:18:25,1.926345144
8/3/23 6:19:25,1.929625984
8/3/23 6:20:25,1.930446194
8/3/23 6:21:25,1.927985564
8/3/23 6:22:25,1.927165354
8/3/23 6:23:25,1.927165354
8/3/23 6:24:25,1.924704724
8/3/23 6:25:25,1.923884514
8/3/23 6:26:25,1.929625984
8/3/23 6:27:25,1.923064304
8/3/23 6:28:25,1.929625984
8/3/23 6:29:25,1.918963255
8/3/23 6:30:25,1.927985564
8/3/23 6:31:25,1.927165354
8/3/23 6:32:25,1.925524934
8/3/23 6:33:25,1.927165354
8/3/23 6:34:25,1.925524934
8/3/23 6:35:25,1.928805774
8/3/23 6:36:25,1.927165354
8/3/23 6:37:25,1.927165354
8/3/23 6:38:25,1.930446194
8/3/23 6:39:25,1.932086614
8/3/23 6:40:25,1.932086614
8/3/23 6:41:25,1.928805774
8/3/23 6:42:25,1.922244094
8/3/23 6:43:25,1.923884514
8/3/23 6:44:25,1.929625984
8/3/23 6:45:25,1.927165354
8/3/23 6:46:25,1.926345144
8/3/23 6:47:25,1.926345144
8/3/23 6:48:25,1.932086614
8/3/23 6:49:25,1.930446194
8/3/23 6:50:25,1.928805774
8/3/23 6:51:25,1.927165354
8/3/23 6:52:25,1.927985564
8/3/23 6:53:25,1.930446194
8/3/23 6:54:25,1.930446194
8/3/23 6:55:25,1.927165354
8/3/23 6:56:25,1.927165354
8/3/23 6:57:25,1.928805774
8/3/23 6:58:25,1.927165354
8/3/23 6:59:25,1.927165354
8/3/23 7:00:25,1.926345144
8/3/23 7:01:25,1.929625984
8/3/23 7:02:25,1.931266404
8/3/23 7:03:25,1.928805774
8/3/23 7:04:25,1.930446194
8/3/23 7:05:25,1.931266404
8/3/23 7:06:25,1.932086614
8/3/23 7:07:25,1.931266404
8/3/23 7:08:25,1.927165354
8/3/23 7:09:25,1.928805774
8/3/23 7:10:25,1.932906824
8/3/23 7:11:25,1.925524934
8/3/23 7:12:25,1.932906824
8/3/23 7:13:25,1.925524934
8/3/23 7:14:25,1.933727034
8/3/23 7:15:25,1.928805774
8/3/23 7:16:25,1.931266404
8/3/23 7:17:25,1.929625984
8/3/23 7:18:25,1.928805774
8/3/23 7:19:25,1.931266404
8/3/23 7:20:25,1.929625984
8/3/23 7:21:25,1.931266404
8/3/23 7:22:25,1.930446194
8/3/23 7:23:25,1.932086614
8/3/23 7:24:25,1.931266404
8/3/23 7:25:25,1.931266404
8/3/23 7:26:25,1.932906824
8/3/23 7:27:25,1.927985564
8/3/23 7:28:25,1.934547244
8/3/23 7:29:25,1.934547244
8/3/23 7:30:25,1.933727034
8/3/23 7:31:25,1.928805774
8/3/23 7:32:25,1.931266404
8/3/23 7:33:25,1.928805774
8/3/23 7:34:25,1.933727034
8/3/23 7:35:25,1.932906824
8/3/23 7:36:25,1.931266404
8/3/23 7:37:25,1.930446194
8/3/23 7:38:25,1.926345144
8/3/23 7:39:25,1.927165354
8/3/23 7:40:25,1.931266404
8/3/23 7:41:25,1.931266404
8/3/23 7:42:25,1.932906824
8/3/23 7:43:25,1.932086614
8/3/23 7:44:25,1.932906824
8/3/23 7:45:25,1.938648294
8/3/23 7:46:25,1.931266404
8/3/23 7:47:25,1.932906824
8/3/23 7:48:25,1.936187664
8/3/23 7:49:25,1.941108924
8/3/23 7:50:25,1.936187664
8/3/23 7:51:25,1.937007874
8/3/23 7:52:25,1.932906824
8/3/23 7:53:25,1.938648294
8/3/23 7:54:25,1.936187664
8/3/23 7:55:25,1.932906824
8/3/23 7:56:25,1.938648294
8/3/23 7:57:25,1.934547244
8/3/23 7:58:25,1.932906824
8/3/23 7:59:25,1.936187664
8/3/23 8:00:25,1.933727034
8/3/23 8:01:25,1.933727034
8/3/23 8:02:25,1.932906824
8/3/23 8:03:25,1.926345144
8/3/23 8:04:25,1.928805774
8/3/23 8:05:25,1.936187664
8/3/23 8:06:25,1.929625984
8/3/23 8:07:25,1.932086614
8/3/23 8:08:25,1.936187664
8/3/23 8:09:25,1.933727034
8/3/23 8:10:25,1.937828084
8/3/23 8:11:25,1.935367454
8/3/23 8:12:25,1.934547244
8/3/23 8:13:25,1.940288714
8/3/23 8:14:25,1.935367454
8/3/23 8:15:25,1.937007874
8/3/23 8:16:25,1.934547244
8/3/23 8:17:25,1.936187664
8/3/23 8:18:25,1.942749344
8/3/23 8:19:25,1.941929134
8/3/23 8:20:25,1.938648294
8/3/23 8:21:25,1.942749344
8/3/23 8:22:25,1.940288714
8/3/23 8:23:25,1.942749344
8/3/23 8:24:25,1.936187664
8/3/23 8:25:25,1.942749344
8/3/23 8:26:25,1.942749344
8/3/23 8:27:25,1.942749344
8/3/23 8:28:25,1.935367454
8/3/23 8:29:25,1.938648294
8/3/23 8:30:25,1.938648294
8/3/23 8:31:25,1.935367454
8/3/23 8:32:25,1.933727034
8/3/23 8:33:25,1.938648294
8/3/23 8:34:25,1.942749344
8/3/23 8:35:25,1.942749344
8/3/23 8:36:25,1.938648294
8/3/23 8:37:25,1.938648294
8/3/23 8:38:25,1.938648294
8/3/23 8:39:25,1.940288714
8/3/23 8:40:25,1.941108924
8/3/23 8:41:25,1.937828084
8/3/23 8:42:25,1.939468504
8/3/23 8:43:25,1.940288714
8/3/23 8:44:25,1.946850394
8/3/23 8:45:25,1.940288714
8/3/23 8:46:25,1.937007874
8/3/23 8:47:25,1.938648294
8/3/23 8:48:25,1.944389764
8/3/23 8:49:25,1.941108924
8/3/23 8:50:25,1.938648294
8/3/23 8:51:25,1.941929134
8/3/23 8:52:25,1.944389764
8/3/23 8:53:25,1.944389764
8/3/23 8:54:25,1.934547244
8/3/23 8:55:25,1.936187664
8/3/23 8:56:25,1.936187664
8/3/23 8:57:25,1.942749344
8/3/23 8:58:25,1.940288714
8/3/23 8:59:25,1.940288714
8/3/23 9:00:25,1.944389764
8/3/23 9:01:25,1.936187664
8/3/23 9:02:25,1.941929134
8/3/23 9:03:25,1.946850394
8/3/23 9:04:25,1.942749344
8/3/23 9:05:25,1.937007874
8/3/23 9:06:25,1.942749344
8/3/23 9:07:25,1.947670604
8/3/23 9:08:25,1.948490814
8/3/23 9:09:25,1.950131234
8/3/23 9:10:25,1.948490814
8/3/23 9:11:25,1.946030184
8/3/23 9:12:25,1.946030184
8/3/23 9:13:25,1.949311024
8/3/23 9:14:25,1.946030184
8/3/23 9:15:25,1.944389764
8/3/23 9:16:25,1.942749344
8/3/23 9:17:25,1.948490814
8/3/23 9:18:25,1.947670604
8/3/23 9:19:25,1.944389764
8/3/23 9:20:25,1.947670604
8/3/23 9:21:25,1.948490814
8/3/23 9:22:25,1.946030184
8/3/23 9:23:25,1.944389764
8/3/23 9:24:25,1.946850394
8/3/23 9:25:25,1.947670604
8/3/23 9:26:25,1.946030184
8/3/23 9:27:25,1.947670604
8/3/23 9:28:25,1.946850394
8/3/23 9:29:25,1.946030184
8/3/23 9:30:25,1.942749344
8/3/23 9:31:25,1.953412073
8/3/23 9:32:25,1.946030184
8/3/23 9:33:25,1.951771654
8/3/23 9:34:25,1.948490814
8/3/23 9:35:25,1.948490814
8/3/23 9:36:25,1.950131234
8/3/23 9:37:25,1.951771654
8/3/23 9:38:25,1.950951444
8/3/23 9:39:25,1.954232283
8/3/23 9:40:25,1.950131234
8/3/23 9:41:25,1.954232283
8/3/23 9:42:25,1.956692913
8/3/23 9:43:25,1.954232283
8/3/23 9:44:25,1.955052493
8/3/23 9:45:25,1.954232283
8/3/23 9:46:25,1.954232283
8/3/23 9:47:25,1.950131234
8/3/23 9:48:25,1.948490814
8/3/23 9:49:25,1.950131234
8/3/23 9:50:25,1.948490814
8/3/23 9:51:25,1.952591864
8/3/23 9:52:25,1.950131234
8/3/23 9:53:25,1.950131234
8/3/23 9:54:25,1.948490814
8/3/23 9:55:25,1.954232283
8/3/23 9:56:25,1.949311024
8/3/23 9:57:25,1.950131234
8/3/23 9:58:25,1.952591864
8/3/23 9:59:25,1.950131234
8/3/23 10:00:25,1.948490814
8/3/23 10:01:25,1.951771654
8/3/23 10:02:25,1.948490814
8/3/23 10:03:25,1.951771654
8/3/23 10:04:25,1.947670604
8/3/23 10:05:25,1.954232283
8/3/23 10:06:25,1.948490814
8/3/23 10:07:25,1.950951444
8/3/23 10:08:25,1.950131234
8/3/23 10:09:25,1.948490814
8/3/23 10:10:25,1.954232283
8/3/23 10:11:25,1.952591864
8/3/23 10:12:25,1.946850394
8/3/23 10:13:25,1.946030184
8/3/23 10:14:25,1.950131234
8/3/23 10:15:25,1.951771654
8/3/23 10:16:25,1.951771654
8/3/23 10:17:25,1.953412073
8/3/23 10:18:25,1.954232283
8/3/23 10:19:25,1.950131234
8/3/23 10:20:25,1.955872703
8/3/23 10:21:25,1.954232283
8/3/23 10:22:25,1.958333333
8/3/23 10:23:25,1.954232283
8/3/23 10:24:25,1.958333333
8/3/23 10:25:25,1.957513123
8/3/23 10:26:25,1.953412073
8/3/23 10:27:25,1.958333333
8/3/23 10:28:25,1.959973753
8/3/23 10:29:25,1.961614173
8/3/23 10:30:25,1.963254593
8/3/23 10:31:25,1.961614173
8/3/23 10:32:25,1.957513123
8/3/23 10:33:25,1.959973753
8/3/23 10:34:25,1.955872703
8/3/23 10:35:25,1.957513123
8/3/23 10:36:25,1.965715223
8/3/23 10:37:25,1.959973753
8/3/23 10:38:25,1.964074803
8/3/23 10:39:25,1.961614173
8/3/23 10:40:25,1.964074803
8/3/23 10:41:25,1.964074803
8/3/23 10:42:25,1.959973753
8/3/23 10:43:25,1.959973753
8/3/23 10:44:25,1.959973753
8/3/23 10:45:25,1.954232283
8/3/23 10:46:25,1.952591864
8/3/23 10:47:25,1.948490814
8/3/23 10:48:25,1.956692913
8/3/23 10:49:25,1.955872703
8/3/23 10:50:25,1.948490814
8/3/23 10:51:25,1.973097113
8/3/23 10:52:25,1.955872703
8/3/23 10:53:25,1.961614173
8/3/23 10:54:25,1.957513123
8/3/23 10:55:25,1.961614173
8/3/23 10:56:25,1.957513123
8/3/23 10:57:25,1.955872703
8/3/23 10:58:25,1.955872703
8/3/23 10:59:25,1.953412073
8/3/23 11:00:25,1.957513123
8/3/23 11:01:25,1.955872703
8/3/23 11:02:25,1.957513123
8/3/23 11:03:25,1.957513123
8/3/23 11:04:25,1.959153543
8/3/23 11:05:25,1.959973753
8/3/23 11:06:25,1.957513123
8/3/23 11:07:25,1.959973753
8/3/23 11:08:25,1.959153543
8/3/23 11:09:25,1.959973753
8/3/23 11:10:25,1.957513123
8/3/23 11:11:25,1.960793963
8/3/23 11:12:25,1.961614173
8/3/23 11:13:25,1.956692913
8/3/23 11:14:25,1.961614173
8/3/23 11:15:25,1.953412073
8/3/23 11:16:25,1.957513123
8/3/23 11:17:25,1.960793963
8/3/23 11:18:25,1.957513123
8/3/23 11:19:25,1.959153543
8/3/23 11:20:25,1.957513123
8/3/23 11:21:25,1.953412073
8/3/23 11:22:25,1.954232283
8/3/23 11:23:25,1.957513123
8/3/23 11:24:25,1.955872703
8/3/23 11:25:25,1.958333333
8/3/23 11:26:25,1.955872703
8/3/23 11:27:25,1.960793963
8/3/23 11:28:25,1.962434383
8/3/23 11:29:25,1.959153543
8/3/23 11:30:25,1.959973753
8/3/23 11:31:25,1.961614173
8/3/23 11:32:25,1.964074803
8/3/23 11:33:25,1.957513123
8/3/23 11:34:25,1.956692913
8/3/23 11:35:25,1.959153543
8/3/23 11:36:25,1.962434383
8/3/23 11:37:25,1.955872703
8/3/23 11:38:25,1.959973753
8/3/23 11:39:25,1.959973753
8/3/23 11:40:25,1.955872703
8/3/23 11:41:25,1.955872703
8/3/23 11:42:25,1.959153543
8/3/23 11:43:25,1.959153543
8/3/23 11:44:25,1.956692913
8/3/23 11:45:25,1.955052493
8/3/23 11:46:25,1.955052493
8/3/23 11:47:25,1.961614173
8/3/23 11:48:25,1.957513123
8/3/23 11:49:25,1.959973753
8/3/23 11:50:25,1.954232283
8/3/23 11:51:25,1.961614173
8/3/23 11:52:25,1.954232283
8/3/23 11:53:25,1.954232283
8/3/23 11:54:25,1.952591864
8/3/23 11:55:25,1.957513123
8/3/23 11:56:25,1.955872703
8/3/23 11:57:25,1.951771654
8/3/23 11:58:25,1.963254593
8/3/23 11:59:25,1.955872703
8/3/23 12:00:25,1.957513123
8/3/23 12:01:25,1.959973753
8/3/23 12:02:25,1.959973753
8/3/23 12:03:25,1.959973753
8/3/23 12:04:25,1.958333333
8/3/23 12:05:25,1.954232283
8/3/23 12:06:25,1.958333333
8/3/23 12:07:25,1.957513123
8/3/23 12:08:25,1.957513123
8/3/23 12:09:25,1.954232283
8/3/23 12:10:25,1.959153543
8/3/23 12:11:25,1.957513123
8/3/23 12:12:25,1.955052493
8/3/23 12:13:25,1.957513123
8/3/23 12:14:25,1.960793963
8/3/23 12:15:25,1.956692913
8/3/23 12:16:25,1.956692913
8/3/23 12:17:25,1.960793963
8/3/23 12:18:25,1.960793963
8/3/23 12:19:25,1.963254593
8/3/23 12:20:25,1.952591864
8/3/23 12:21:25,1.954232283
8/3/23 12:22:25,1.956692913
8/3/23 12:23:25,1.954232283
8/3/23 12:24:25,1.958333333
8/3/23 12:25:25,1.955872703
8/3/23 12:26:25,1.952591864
8/3/23 12:27:25,1.954232283
8/3/23 12:28:25,1.955872703
8/3/23 12:29:25,1.954232283
8/3/23 12:30:25,1.956692913
8/3/23 12:31:25,1.955052493
8/3/23 12:32:25,1.963254593
8/3/23 12:33:25,1.955052493
8/3/23 12:34:25,1.951771654
8/3/23 12:35:25,1.955052493
8/3/23 12:36:25,1.955872703
8/3/23 12:37:25,1.953412073
8/3/23 12:38:25,1.959153543
8/3/23 12:39:25,1.955052493
8/3/23 12:40:25,1.957513123
8/3/23 12:41:25,1.953412073
8/3/23 12:42:25,1.957513123
8/3/23 12:43:25,1.955052493
8/3/23 12:44:25,1.951771654
8/3/23 12:45:25,1.959153543
8/3/23 12:46:25,1.957513123
8/3/23 12:47:25,1.957513123
8/3/23 12:48:25,1.959153543
8/3/23 12:49:25,1.959153543
8/3/23 12:50:25,1.957513123
8/3/23 12:51:25,1.955052493
8/3/23 12:52:25,1.957513123
8/3/23 12:53:25,1.955872703
8/3/23 12:54:25,1.957513123
8/3/23 12:55:25,1.957513123
8/3/23 12:56:25,1.955052493
8/3/23 12:57:25,1.961614173
8/3/23 12:58:25,1.960793963
8/3/23 12:59:25,1.960793963
8/3/23 13:00:25,1.959153543
8/3/23 13:01:25,1.959153543
8/3/23 13:02:25,1.959153543
8/3/23 13:03:25,1.955052493
8/3/23 13:04:25,1.951771654
8/3/23 13:05:25,1.955052493
8/3/23 13:06:25,1.955052493
8/3/23 13:07:25,1.964895013
8/3/23 13:08:25,1.955052493
8/3/23 13:09:25,1.959153543
8/3/23 13:10:25,1.963254593
8/3/23 13:11:25,1.960793963
8/3/23 13:12:25,1.964895013
8/3/23 13:13:25,1.964895013
8/3/23 13:14:25,1.956692913
8/3/23 13:15:25,1.960793963
8/3/23 13:16:25,1.960793963
8/3/23 13:17:25,1.964895013
8/3/23 13:18:25,1.960793963
8/3/23 13:19:25,1.960793963
8/3/23 13:20:25,1.960793963
8/3/23 13:21:25,1.960793963
8/3/23 13:22:25,1.960793963
8/3/23 13:23:25,1.958333333
8/3/23 13:24:25,1.958333333
8/3/23 13:25:25,1.960793963
8/3/23 13:26:25,1.955052493
8/3/23 13:27:25,1.963254593
8/3/23 13:28:25,1.964895013
8/3/23 13:29:25,1.956692913
8/3/23 13:30:25,1.963254593
8/3/23 13:31:25,1.960793963
8/3/23 13:32:25,1.962434383
8/3/23 13:33:25,1.963254593
8/3/23 13:34:25,1.960793963
8/3/23 13:35:25,1.962434383
8/3/23 13:36:25,1.958333333
8/3/23 13:37:25,1.961614173
8/3/23 13:38:25,1.955872703
8/3/23 13:39:25,1.964895013
8/3/23 13:40:25,1.964895013
8/3/23 13:41:25,1.960793963
8/3/23 13:42:25,1.963254593
8/3/23 13:43:25,1.966535433
8/3/23 13:44:25,1.968175853
8/3/23 13:45:25,1.963254593
8/3/23 13:46:25,1.960793963
8/3/23 13:47:25,1.960793963
8/3/23 13:48:25,1.960793963
8/3/23 13:49:25,1.958333333
8/3/23 13:50:25,1.961614173
8/3/23 13:51:25,1.963254593
8/3/23 13:52:25,1.961614173
8/3/23 13:53:25,1.962434383
8/3/23 13:54:25,1.964074803
8/3/23 13:55:25,1.963254593
8/3/23 13:56:25,1.964074803
8/3/23 13:57:25,1.968175853
8/3/23 13:58:25,1.968175853
8/3/23 13:59:25,1.961614173
8/3/23 14:00:25,1.964074803
8/3/23 14:01:25,1.964895013
8/3/23 14:02:25,1.966535433
8/3/23 14:03:25,1.963254593
8/3/23 14:04:25,1.963254593
8/3/23 14:05:25,1.965715223
8/3/23 14:06:25,1.965715223
8/3/23 14:07:25,1.962434383
8/3/23 14:08:25,1.970636483
8/3/23 14:09:25,1.968175853
8/3/23 14:10:25,1.965715223
8/3/23 14:11:25,1.963254593
8/3/23 14:12:25,1.968175853
8/3/23 14:13:25,1.961614173
8/3/23 14:14:25,1.965715223
8/3/23 14:15:25,1.968175853
8/3/23 14:16:25,1.965715223
8/3/23 14:17:25,1.965715223
8/3/23 14:18:25,1.964074803
8/3/23 14:19:25,1.963254593
8/3/23 14:20:25,1.972276903
8/3/23 14:21:25,1.965715223
8/3/23 14:22:25,1.972276903
8/3/23 14:23:25,1.968175853
8/3/23 14:24:25,1.968175853
8/3/23 14:25:25,1.968175853
8/3/23 14:26:25,1.964074803
8/3/23 14:27:25,1.969816273
8/3/23 14:28:25,1.970636483
8/3/23 14:29:25,1.972276903
8/3/23 14:30:25,1.970636483
8/3/23 14:31:25,1.969816273
8/3/23 14:32:25,1.972276903
8/3/23 14:33:25,1.972276903
8/3/23 14:34:25,1.968175853
8/3/23 14:35:25,1.968175853
8/3/23 14:36:25,1.969816273
8/3/23 14:37:25,1.968996063
8/3/23 14:38:25,1.966535433
8/3/23 14:39:25,1.970636483
8/3/23 14:40:25,1.968996063
8/3/23 14:41:25,1.972276903
8/3/23 14:42:25,1.970636483
8/3/23 14:43:25,1.970636483
8/3/23 14:44:25,1.969816273
8/3/23 14:45:25,1.976377953
8/3/23 14:46:25,1.968175853
8/3/23 14:47:25,1.972276903
8/3/23 14:48:25,1.973917323
8/3/23 14:49:25,1.976377953
8/3/23 14:50:25,1.974737533
8/3/23 14:51:25,1.972276903
8/3/23 14:52:25,1.973917323
8/3/23 14:53:25,1.966535433
8/3/23 14:54:25,1.966535433
8/3/23 14:55:25,1.969816273
8/3/23 14:56:25,1.974737533
8/3/23 14:57:25,1.976377953
8/3/23 14:58:25,1.974737533
8/3/23 14:59:25,1.968175853
8/3/23 15:00:25,1.973917323
8/3/23 15:01:25,1.969816273
8/3/23 15:02:25,1.968996063
8/3/23 15:03:25,1.975557743
8/3/23 15:04:25,1.970636483
8/3/23 15:05:25,1.967355643
8/3/23 15:06:25,1.969816273
8/3/23 15:07:25,1.965715223
8/3/23 15:08:25,1.963254593
8/3/23 15:09:25,1.968175853
8/3/23 15:10:25,1.969816273
8/3/23 15:11:25,1.973917323
8/3/23 15:12:25,1.973917323
8/3/23 15:13:25,1.970636483
8/3/23 15:14:25,1.972276903
8/3/23 15:15:25,1.971456693
8/3/23 15:16:25,1.969816273
8/3/23 15:17:25,1.969816273
8/3/23 15:18:25,1.968996063
8/3/23 15:19:25,1.973917323
8/3/23 15:20:25,1.971456693
8/3/23 15:21:25,1.968175853
8/3/23 15:22:25,1.967355643
8/3/23 15:23:25,1.973097113
8/3/23 15:24:25,1.971456693
8/3/23 15:25:25,1.972276903
8/3/23 15:26:25,1.968996063
8/3/23 15:27:25,1.967355643
8/3/23 15:28:25,1.969816273
8/3/23 15:29:25,1.972276903
8/3/23 15:30:25,1.967355643
8/3/23 15:31:25,1.967355643
8/3/23 15:32:25,1.971456693
8/3/23 15:33:25,1.973097113
8/3/23 15:34:25,1.978018373
8/3/23 15:35:25,1.971456693
8/3/23 15:36:25,1.973917323
8/3/23 15:37:25,1.973917323
8/3/23 15:38:25,1.975557743
8/3/23 15:39:25,1.973097113
8/3/23 15:40:25,1.974737533
8/3/23 15:41:25,1.971456693
8/3/23 15:42:25,1.965715223
8/3/23 15:43:25,1.965715223
8/3/23 15:44:25,1.970636483
8/3/23 15:45:25,1.970636483
8/3/23 15:46:25,1.974737533
8/3/23 15:47:25,1.968996063
8/3/23 15:48:25,1.977198163
8/3/23 15:49:25,1.977198163
8/3/23 15:50:25,1.977198163
8/3/23 15:51:25,1.978838583
8/3/23 15:52:25,1.973097113
8/3/23 15:53:25,1.970636483
8/3/23 15:54:25,1.973097113
8/3/23 15:55:25,1.973097113
8/3/23 15:56:25,1.970636483
8/3/23 15:57:25,1.975557743
8/3/23 15:58:25,1.971456693
8/3/23 15:59:25,1.974737533
8/3/23 16:00:25,1.975557743
8/3/23 16:01:25,1.968996063
8/3/23 16:02:25,1.973097113
8/3/23 16:03:25,1.967355643
8/3/23 16:04:25,1.968996063
8/3/23 16:05:25,1.963254593
8/3/23 16:06:25,1.968996063
8/3/23 16:07:25,1.970636483
8/3/23 16:08:25,1.968996063
8/3/23 16:09:25,1.971456693
8/3/23 16:10:25,1.974737533
8/3/23 16:11:25,1.968996063
8/3/23 16:12:25,1.975557743
8/3/23 16:13:25,1.968996063
8/3/23 16:14:25,1.970636483
8/3/23 16:15:25,1.971456693
8/3/23 16:16:25,1.967355643
8/3/23 16:17:25,1.968996063
8/3/23 16:18:25,1.967355643
8/3/23 16:19:25,1.960793963
8/3/23 16:20:25,1.973097113
8/3/23 16:21:25,1.967355643
8/3/23 16:22:25,1.967355643
8/3/23 16:23:25,1.967355643
8/3/23 16:24:25,1.967355643
8/3/23 16:25:25,1.967355643
8/3/23 16:26:25,1.965715223
8/3/23 16:27:25,1.967355643
8/3/23 16:28:25,1.967355643
8/3/23 16:29:25,1.967355643
8/3/23 16:30:25,1.961614173
8/3/23 16:31:25,1.967355643
8/3/23 16:32:25,1.971456693
8/3/23 16:33:25,1.967355643
8/3/23 16:34:25,1.964895013
8/3/23 16:35:25,1.969816273
8/3/23 16:36:25,1.973097113
8/3/23 16:37:25,1.975557743
8/3/23 16:38:25,1.971456693
8/3/23 16:39:25,1.963254593
8/3/23 16:40:25,1.973097113
8/3/23 16:41:25,1.970636483
8/3/23 16:42:25,1.968996063
8/3/23 16:43:25,1.971456693
8/3/23 16:44:25,1.968996063
8/3/23 16:45:25,1.973097113
8/3/23 16:46:25,1.966535433
8/3/23 16:47:25,1.968996063
8/3/23 16:48:25,1.967355643
8/3/23 16:49:25,1.961614173
8/3/23 16:50:25,1.965715223
8/3/23 16:51:25,1.970636483
8/3/23 16:52:25,1.964895013
8/3/23 16:53:25,1.970636483
8/3/23 16:54:25,1.973097113
8/3/23 16:55:25,1.966535433
8/3/23 16:56:25,1.964895013
8/3/23 16:57:25,1.966535433
8/3/23 16:58:25,1.968996063
8/3/23 16:59:25,1.970636483
8/3/23 17:00:25,1.968996063
8/3/23 17:01:25,1.964895013
8/3/23 17:02:25,1.971456693
8/3/23 17:03:25,1.968996063
8/3/23 17:04:25,1.964895013
8/3/23 17:05:25,1.963254593
8/3/23 17:06:25,1.967355643
8/3/23 17:07:25,1.963254593
8/3/23 17:08:25,1.968996063
8/3/23 17:09:25,1.963254593
8/3/23 17:10:25,1.969816273
8/3/23 17:11:25,1.969816273
8/3/23 17:12:25,1.965715223
8/3/23 17:13:25,1.964895013
8/3/23 17:14:25,1.971456693
8/3/23 17:15:25,1.959973753
8/3/23 17:16:25,1.967355643
8/3/23 17:17:25,1.967355643
8/3/23 17:18:25,1.961614173
8/3/23 17:19:25,1.967355643
8/3/23 17:20:25,1.964895013
8/3/23 17:21:25,1.967355643
8/3/23 17:22:25,1.971456693
8/3/23 17:23:25,1.968996063
8/3/23 17:24:25,1.969816273
8/3/23 17:25:25,1.969816273
8/3/23 17:26:25,1.969816273
8/3/23 17:27:25,1.961614173
8/3/23 17:28:25,1.959153543
8/3/23 17:29:25,1.964074803
8/3/23 17:30:25,1.965715223
8/3/23 17:31:25,1.964074803
8/3/23 17:32:25,1.970636483
8/3/23 17:33:25,1.963254593
8/3/23 17:34:25,1.970636483
8/3/23 17:35:25,1.965715223
8/3/23 17:36:25,1.963254593
8/3/23 17:37:25,1.968175853
8/3/23 17:38:25,1.970636483
8/3/23 17:39:25,1.963254593
8/3/23 17:40:25,1.965715223
8/3/23 17:41:25,1.963254593
8/3/23 17:42:25,1.968175853
8/3/23 17:43:25,1.968175853
8/3/23 17:44:25,1.963254593
8/3/23 17:45:25,1.962434383
8/3/23 17:46:25,1.959973753
8/3/23 17:47:25,1.964074803
8/3/23 17:48:25,1.970636483
8/3/23 17:49:25,1.961614173
8/3/23 17:50:25,1.965715223
8/3/23 17:51:25,1.961614173
8/3/23 17:52:25,1.969816273
8/3/23 17:53:25,1.961614173
8/3/23 17:54:25,1.969816273
8/3/23 17:55:25,1.965715223
8/3/23 17:56:25,1.969816273
8/3/23 17:57:25,1.967355643
8/3/23 17:58:25,1.963254593
8/3/23 17:59:25,1.968175853
8/3/23 18:00:25,1.969816273
8/3/23 18:01:25,1.971456693
8/3/23 18:02:25,1.971456693
8/3/23 18:03:25,1.973097113
8/3/23 18:04:25,1.973097113
8/3/23 18:05:25,1.967355643
8/3/23 18:06:25,1.975557743
8/3/23 18:07:25,1.968996063
8/3/23 18:08:25,1.973917323
8/3/23 18:09:25,1.973917323
8/3/23 18:10:25,1.968996063
8/3/23 18:11:25,1.967355643
8/3/23 18:12:25,1.971456693
8/3/23 18:13:25,1.967355643
8/3/23 18:14:25,1.971456693
8/3/23 18:15:25,1.971456693
8/3/23 18:16:25,1.969816273
8/3/23 18:17:25,1.967355643
8/3/23 18:18:25,1.967355643
8/3/23 18:19:25,1.968996063
8/3/23 18:20:25,1.968996063
8/3/23 18:21:25,1.963254593
8/3/23 18:22:25,1.971456693
8/3/23 18:23:25,1.965715223
8/3/23 18:24:25,1.964895013
8/3/23 18:25:25,1.971456693
8/3/23 18:26:25,1.973097113
8/3/23 18:27:25,1.964895013
8/3/23 18:28:25,1.971456693
8/3/23 18:29:25,1.967355643
8/3/23 18:30:25,1.973097113
8/3/23 18:31:25,1.963254593
8/3/23 18:32:25,1.973097113
8/3/23 18:33:25,1.970636483
8/3/23 18:34:25,1.970636483
8/3/23 18:35:25,1.970636483
8/3/23 18:36:25,1.968996063
8/3/23 18:37:25,1.970636483
8/3/23 18:38:25,1.969816273
8/3/23 18:39:25,1.973097113
8/3/23 18:40:25,1.967355643
8/3/23 18:41:25,1.970636483
8/3/23 18:42:25,1.970636483
8/3/23 18:43:25,1.968996063
8/3/23 18:44:25,1.968996063
8/3/23 18:45:25,1.967355643
8/3/23 18:46:25,1.973097113
8/3/23 18:47:25,1.963254593
8/3/23 18:48:25,1.963254593
8/3/23 18:49:25,1.964895013
8/3/23 18:50:25,1.968996063
8/3/23 18:51:25,1.959153543
8/3/23 18:52:25,1.968996063
8/3/23 18:53:25,1.968996063
8/3/23 18:54:25,1.968996063
8/3/23 18:55:25,1.966535433
8/3/23 18:56:25,1.965715223
8/3/23 18:57:25,1.973097113
8/3/23 18:58:25,1.971456693
8/3/23 18:59:25,1.969816273
8/3/23 19:00:25,1.967355643
8/3/23 19:01:25,1.971456693
8/3/23 19:02:25,1.967355643
8/3/23 19:03:25,1.968996063
8/3/23 19:04:25,1.968996063
8/3/23 19:05:25,1.967355643
8/3/23 19:06:25,1.968996063
8/3/23 19:07:25,1.968996063
8/3/23 19:08:25,1.965715223
8/3/23 19:09:25,1.968996063
8/3/23 19:10:25,1.973097113
8/3/23 19:11:25,1.968996063
8/3/23 19:12:25,1.971456693
8/3/23 19:13:25,1.973097113
8/3/23 19:14:25,1.974737533
8/3/23 19:15:25,1.971456693
8/3/23 19:16:25,1.968996063
8/3/23 19:17:25,1.971456693
8/3/23 19:18:25,1.971456693
8/3/23 19:19:25,1.971456693
8/3/23 19:20:25,1.967355643
8/3/23 19:21:25,1.971456693
8/3/23 19:22:25,1.968996063
8/3/23 19:23:25,1.975557743
8/3/23 19:24:25,1.974737533
8/3/23 19:25:25,1.971456693
8/3/23 19:26:25,1.973097113
8/3/23 19:27:25,1.974737533
8/3/23 19:28:25,1.974737533
8/3/23 19:29:25,1.971456693
8/3/23 19:30:25,1.977198163
8/3/23 19:31:25,1.978018373
8/3/23 19:32:25,1.971456693
8/3/23 19:33:25,1.973917323
8/3/23 19:34:25,1.971456693
8/3/23 19:35:25,1.973917323
8/3/23 19:36:25,1.978018373
8/3/23 19:37:25,1.978018373
8/3/23 19:38:25,1.973917323
8/3/23 19:39:25,1.975557743
8/3/23 19:40:25,1.969816273
8/3/23 19:41:25,1.973917323
8/3/23 19:42:25,1.972276903
8/3/23 19:43:25,1.965715223
8/3/23 19:44:25,1.975557743
8/3/23 19:45:25,1.973917323
8/3/23 19:46:25,1.973917323
8/3/23 19:47:25,1.970636483
8/3/23 19:48:25,1.974737533
8/3/23 19:49:25,1.972276903
8/3/23 19:50:25,1.972276903
8/3/23 19:51:25,1.972276903
8/3/23 19:52:25,1.972276903
8/3/23 19:53:25,1.972276903
8/3/23 19:54:25,1.968175853
8/3/23 19:55:25,1.968175853
8/3/23 19:56:25,1.972276903
8/3/23 19:57:25,1.973917323
8/3/23 19:58:25,1.970636483
8/3/23 19:59:25,1.970636483
8/3/23 20:00:25,1.972276903
8/3/23 20:01:25,1.972276903
8/3/23 20:02:25,1.973917323
8/3/23 20:03:25,1.976377953
8/3/23 20:04:25,1.978838583
8/3/23 20:05:25,1.978838583
8/3/23 20:06:25,1.973917323
8/3/23 20:07:25,1.974737533
8/3/23 20:08:25,1.978018373
8/3/23 20:09:25,1.969816273
8/3/23 20:10:25,1.976377953
8/3/23 20:11:25,1.978838583
8/3/23 20:12:25,1.976377953
8/3/23 20:13:25,1.973917323
8/3/23 20:14:25,1.976377953
8/3/23 20:15:25,1.976377953
8/3/23 20:16:25,1.974737533
8/3/23 20:17:25,1.974737533
8/3/23 20:18:25,1.972276903
8/3/23 20:19:25,1.978838583
8/3/23 20:20:25,1.973917323
8/3/23 20:21:25,1.973917323
8/3/23 20:22:25,1.976377953
8/3/23 20:23:25,1.978838583
8/3/23 20:24:25,1.972276903
8/3/23 20:25:25,1.973917323
8/3/23 20:26:25,1.976377953
8/3/23 20:27:25,1.973917323
8/3/23 20:28:25,1.980479003
8/3/23 20:29:25,1.974737533
8/3/23 20:30:25,1.976377953
8/3/23 20:31:25,1.976377953
8/3/23 20:32:25,1.972276903
8/3/23 20:33:25,1.970636483
8/3/23 20:34:25,1.974737533
8/3/23 20:35:25,1.984580052
8/3/23 20:36:25,1.980479003
8/3/23 20:37:25,1.976377953
8/3/23 20:38:25,1.986220472
8/3/23 20:39:25,1.980479003
8/3/23 20:40:25,1.982119423
8/3/23 20:41:25,1.978018373
8/3/23 20:42:25,1.978018373
8/3/23 20:43:25,1.980479003
8/3/23 20:44:25,1.980479003
8/3/23 20:45:25,1.980479003
8/3/23 20:46:25,1.988681102
8/3/23 20:47:25,1.987040682
8/3/23 20:48:25,1.978018373
8/3/23 20:49:25,1.982939633
8/3/23 20:50:25,1.980479003
8/3/23 20:51:25,1.987040682
8/3/23 20:52:25,1.988681102
8/3/23 20:53:25,1.982119423
8/3/23 20:54:25,1.984580052
8/3/23 20:55:25,1.987040682
8/3/23 20:56:25,1.980479003
8/3/23 20:57:25,1.982939633
8/3/23 20:58:25,1.976377953
8/3/23 20:59:25,1.980479003
8/3/23 21:00:25,1.984580052
8/3/23 21:01:25,1.984580052
8/3/23 21:02:25,1.987040682
8/3/23 21:03:25,1.983759843
8/3/23 21:04:25,1.984580052
8/3/23 21:05:25,1.982939633
8/3/23 21:06:25,1.984580052
8/3/23 21:07:25,1.981299213
8/3/23 21:08:25,1.985400262
8/3/23 21:09:25,1.979658793
8/3/23 21:10:25,1.984580052
8/3/23 21:11:25,1.982939633
8/3/23 21:12:25,1.985400262
8/3/23 21:13:25,1.987040682
8/3/23 21:14:25,1.981299213
8/3/23 21:15:25,1.981299213
8/3/23 21:16:25,1.982939633
8/3/23 21:17:25,1.981299213
8/3/23 21:18:25,1.986220472
8/3/23 21:19:25,1.981299213
8/3/23 21:20:25,1.985400262
8/3/23 21:21:25,1.990321522
8/3/23 21:22:25,1.988681102
8/3/23 21:23:25,1.987040682
8/3/23 21:24:25,1.987040682
8/3/23 21:25:25,1.987860892
8/3/23 21:26:25,1.987040682
8/3/23 21:27:25,1.983759843
8/3/23 21:28:25,1.992782152
8/3/23 21:29:25,1.985400262
8/3/23 21:30:25,1.987040682
8/3/23 21:31:25,1.987040682
8/3/23 21:32:25,1.987040682
8/3/23 21:33:25,1.987040682
8/3/23 21:34:25,1.988681102
8/3/23 21:35:25,1.982939633
8/3/23 21:36:25,1.988681102
8/3/23 21:37:25,1.987040682
8/3/23 21:38:25,1.987040682
8/3/23 21:39:25,1.987040682
8/3/23 21:40:25,1.985400262
8/3/23 21:41:25,1.985400262
8/3/23 21:42:25,1.992782152
8/3/23 21:43:25,1.991961942
8/3/23 21:44:25,1.993602362
8/3/23 21:45:25,1.993602362
8/3/23 21:46:25,1.986220472
8/3/23 21:47:25,1.985400262
8/3/23 21:48:25,1.987040682
8/3/23 21:49:25,1.991141732
8/3/23 21:50:25,1.991961942
8/3/23 21:51:25,1.987860892
8/3/23 21:52:25,1.991961942
8/3/23 21:53:25,1.990321522
8/3/23 21:54:25,1.983759843
8/3/23 21:55:25,1.985400262
8/3/23 21:56:25,1.984580052
8/3/23 21:57:25,1.983759843
8/3/23 21:58:25,1.984580052
8/3/23 21:59:25,1.986220472
8/3/23 22:00:25,1.989501312
8/3/23 22:01:25,1.988681102
8/3/23 22:02:25,1.990321522
8/3/23 22:03:25,1.990321522
8/3/23 22:04:25,1.982119423
8/3/23 22:05:25,1.987860892
8/3/23 22:06:25,1.987860892
8/3/23 22:07:25,1.990321522
8/3/23 22:08:25,1.991961942
8/3/23 22:09:25,1.996062992
8/3/23 22:10:25,1.990321522
8/3/23 22:11:25,1.996062992
8/3/23 22:12:25,1.990321522
8/3/23 22:13:25,1.990321522
8/3/23 22:14:25,1.987860892
8/3/23 22:15:25,1.987860892
8/3/23 22:16:25,1.996062992
8/3/23 22:17:25,1.993602362
8/3/23 22:18:25,1.994422572
8/3/23 22:19:25,1.991961942
8/3/23 22:20:25,1.991961942
8/3/23 22:21:25,1.993602362
8/3/23 22:22:25,1.996062992
8/3/23 22:23:25,1.994422572
8/3/23 22:24:25,1.993602362
8/3/23 22:25:25,1.996062992
8/3/23 22:26:25,1.997703412
8/3/23 22:27:25,1.996062992
8/3/23 22:28:25,1.996062992
8/3/23 22:29:25,1.997703412
8/3/23 22:30:25,1.997703412
8/3/23 22:31:25,1.998523622
8/3/23 22:32:25,2.000164042
8/3/23 22:33:25,1.999343832
8/3/23 22:34:25,1.996062992
8/3/23 22:35:25,1.991961942
8/3/23 22:36:25,2.001804462
8/3/23 22:37:25,1.996062992
8/3/23 22:38:25,1.996062992
8/3/23 22:39:25,1.994422572
8/3/23 22:40:25,1.999343832
8/3/23 22:41:25,1.993602362
8/3/23 22:42:25,2.001804462
8/3/23 22:43:25,1.997703412
8/3/23 22:44:25,1.999343832
8/3/23 22:45:25,1.996062992
8/3/23 22:46:25,1.999343832
8/3/23 22:47:25,1.999343832
8/3/23 22:48:25,1.993602362
8/3/23 22:49:25,1.999343832
8/3/23 22:50:25,1.999343832
8/3/23 22:51:25,1.999343832
8/3/23 22:52:25,1.991961942
8/3/23 22:53:25,2.001804462
8/3/23 22:54:25,1.996883202
8/3/23 22:55:25,1.996883202
8/3/23 22:56:25,1.997703412
8/3/23 22:57:25,1.997703412
8/3/23 22:58:25,1.993602362
8/3/23 22:59:25,1.997703412
8/3/23 23:00:25,2.000984252
8/3/23 23:01:25,1.996883202
8/3/23 23:02:25,1.995242782
8/3/23 23:03:25,1.992782152
8/3/23 23:04:25,1.999343832
8/3/23 23:05:25,1.997703412
8/3/23 23:06:25,2.001804462
8/3/23 23:07:25,1.997703412
8/3/23 23:08:25,1.993602362
8/3/23 23:09:25,1.995242782
8/3/23 23:10:25,1.999343832
8/3/23 23:11:25,1.999343832
8/3/23 23:12:25,1.999343832
8/3/23 23:13:25,1.996883202
8/3/23 23:14:25,1.995242782
8/3/23 23:15:25,1.999343832
8/3/23 23:16:25,2.001804462
8/3/23 23:17:25,2.000984252
8/3/23 23:18:25,1.999343832
8/3/23 23:19:25,1.999343832
8/3/23 23:20:25,2.000984252
8/3/23 23:21:25,2.006725722
8/3/23 23:22:25,1.999343832
8/3/23 23:23:25,2.002624672
8/3/23 23:24:25,2.006725722
8/3/23 23:25:25,2.002624672
8/3/23 23:26:25,2.007545932
8/3/23 23:27:25,1.998523622
8/3/23 23:28:25,2.000984252
8/3/23 23:29:25,2.002624672
8/3/23 23:30:25,2.000984252
8/3/23 23:31:25,2.005085302
8/3/23 23:32:25,2.000984252
8/3/23 23:33:25,1.998523622
8/3/23 23:34:25,2.000164042
8/3/23 23:35:25,2.003444882
8/3/23 23:36:25,2.003444882
8/3/23 23:37:25,1.998523622
8/3/23 23:38:25,2.006725722
8/3/23 23:39:25,1.998523622
8/3/23 23:40:25,1.996883202
8/3/23 23:41:25,2.003444882
8/3/23 23:42:25,2.003444882
8/3/23 23:43:25,2.000984252
8/3/23 23:44:25,2.003444882
8/3/23 23:45:25,2.006725722
8/3/23 23:46:25,2.000984252
8/3/23 23:47:25,2.006725722
8/3/23 23:48:25,2.002624672
8/3/23 23:49:25,2.005085302
8/3/23 23:50:25,1.999343832
8/3/23 23:51:25,2.006725722
8/3/23 23:52:25,2.005085302
8/3/23 23:53:25,2.009186352
8/3/23 23:54:25,2.002624672
8/3/23 23:55:25,2.002624672
8/3/23 23:56:25,1.999343832
8/3/23 23:57:25,2.006725722
8/3/23 23:58:25,2.000984252
8/3/23 23:59:25,2.002624672
8/4/23 0:00:25,2.002624672
8/4/23 0:01:25,2.005085302
8/4/23 0:02:25,2.007545932
8/4/23 0:03:25,2.003444882
8/4/23 0:04:25,1.999343832
8/4/23 0:05:25,2.000984252
8/4/23 0:06:25,2.005085302
8/4/23 0:07:25,2.010826772
8/4/23 0:08:25,2.009186352
8/4/23 0:09:25,2.013287402
8/4/23 0:10:25,2.010826772
8/4/23 0:11:25,2.006725722
8/4/23 0:12:25,2.005085302
8/4/23 0:13:25,2.009186352
8/4/23 0:14:25,2.013287402
8/4/23 0:15:25,2.013287402
8/4/23 0:16:25,2.010826772
8/4/23 0:17:25,2.005085302
8/4/23 0:18:25,2.006725722
8/4/23 0:19:25,2.009186352
8/4/23 0:20:25,2.013287402
8/4/23 0:21:25,2.006725722
8/4/23 0:22:25,2.005085302
8/4/23 0:23:25,2.002624672
8/4/23 0:24:25,2.009186352
8/4/23 0:25:25,2.009186352
8/4/23 0:26:25,2.010826772
8/4/23 0:27:25,2.009186352
8/4/23 0:28:25,2.009186352
8/4/23 0:29:25,2.009186352
8/4/23 0:30:25,2.005085302
8/4/23 0:31:25,2.010826772
8/4/23 0:32:25,2.006725722
8/4/23 0:33:25,2.007545932
8/4/23 0:34:25,2.007545932
8/4/23 0:35:25,2.010826772
8/4/23 0:36:25,2.007545932
8/4/23 0:37:25,2.007545932
8/4/23 0:38:25,2.014927822
8/4/23 0:39:25,2.013287402
8/4/23 0:40:25,2.010826772
8/4/23 0:41:25,2.019028871
8/4/23 0:42:25,2.010826772
8/4/23 0:43:25,2.012467192
8/4/23 0:44:25,2.014927822
8/4/23 0:45:25,2.012467192
8/4/23 0:46:25,2.011646982
8/4/23 0:47:25,2.010826772
8/4/23 0:48:25,2.006725722
8/4/23 0:49:25,2.014927822
8/4/23 0:50:25,2.007545932
8/4/23 0:51:25,2.012467192
8/4/23 0:52:25,2.006725722
8/4/23 0:53:25,2.006725722
8/4/23 0:54:25,2.006725722
8/4/23 0:55:25,2.009186352
8/4/23 0:56:25,2.010826772
8/4/23 0:57:25,2.005085302
8/4/23 0:58:25,2.006725722
8/4/23 0:59:25,2.007545932
8/4/23 1:00:25,2.006725722
8/4/23 1:01:25,2.012467192
8/4/23 1:02:25,2.006725722
8/4/23 1:03:25,2.006725722
8/4/23 1:04:25,2.009186352
8/4/23 1:05:25,2.008366142
8/4/23 1:06:25,2.005085302
8/4/23 1:07:25,2.010826772
8/4/23 1:08:25,2.013287402
8/4/23 1:09:25,2.013287402
8/4/23 1:10:25,2.014927822
8/4/23 1:11:25,2.013287402
8/4/23 1:12:25,2.021489501
8/4/23 1:13:25,2.017388451
8/4/23 1:14:25,2.013287402
8/4/23 1:15:25,2.010826772
8/4/23 1:16:25,2.019028871
8/4/23 1:17:25,2.013287402
8/4/23 1:18:25,2.016568241
8/4/23 1:19:25,2.014927822
8/4/23 1:20:25,2.013287402
8/4/23 1:21:25,2.013287402
8/4/23 1:22:25,2.014927822
8/4/23 1:23:25,2.014927822
8/4/23 1:24:25,2.009186352
8/4/23 1:25:25,2.013287402
8/4/23 1:26:25,2.017388451
8/4/23 1:27:25,2.013287402
8/4/23 1:28:25,2.017388451
8/4/23 1:29:25,2.019028871
8/4/23 1:30:25,2.016568241
8/4/23 1:31:25,2.017388451
8/4/23 1:32:25,2.014927822
8/4/23 1:33:25,2.013287402
8/4/23 1:34:25,2.016568241
8/4/23 1:35:25,2.019028871
8/4/23 1:36:25,2.016568241
8/4/23 1:37:25,2.019028871
8/4/23 1:38:25,2.017388451
8/4/23 1:39:25,2.019028871
8/4/23 1:40:25,2.021489501
8/4/23 1:41:25,2.016568241
8/4/23 1:42:25,2.019028871
8/4/23 1:43:25,2.023129921
8/4/23 1:44:25,2.019028871
8/4/23 1:45:25,2.019028871
8/4/23 1:46:25,2.021489501
8/4/23 1:47:25,2.019028871
8/4/23 1:48:25,2.019028871
8/4/23 1:49:25,2.019028871
8/4/23 1:50:25,2.017388451
8/4/23 1:51:25,2.019849081
8/4/23 1:52:25,2.014927822
8/4/23 1:53:25,2.015748031
8/4/23 1:54:25,2.019028871
8/4/23 1:55:25,2.014927822
8/4/23 1:56:25,2.017388451
8/4/23 1:57:25,2.019028871
8/4/23 1:58:25,2.021489501
8/4/23 1:59:25,2.021489501
8/4/23 2:00:25,2.021489501
8/4/23 2:01:25,2.023129921
8/4/23 2:02:25,2.020669291
8/4/23 2:03:25,2.023129921
8/4/23 2:04:25,2.023129921
8/4/23 2:05:25,2.019028871
8/4/23 2:06:25,2.028871391
8/4/23 2:07:25,2.027230971
8/4/23 2:08:25,2.028871391
8/4/23 2:09:25,2.023129921
8/4/23 2:10:25,2.019028871
8/4/23 2:11:25,2.020669291
8/4/23 2:12:25,2.023129921
8/4/23 2:13:25,2.023129921
8/4/23 2:14:25,2.024770341
8/4/23 2:15:25,2.024770341
8/4/23 2:16:25,2.023129921
8/4/23 2:17:25,2.023129921
8/4/23 2:18:25,2.028871391
8/4/23 2:19:25,2.027230971
8/4/23 2:20:25,2.028871391
8/4/23 2:21:25,2.024770341
8/4/23 2:22:25,2.024770341
8/4/23 2:23:25,2.024770341
8/4/23 2:24:25,2.028871391
8/4/23 2:25:25,2.028871391
8/4/23 2:26:25,2.019028871
8/4/23 2:27:25,2.019028871
8/4/23 2:28:25,2.022309711
8/4/23 2:29:25,2.020669291
8/4/23 2:30:25,2.022309711
8/4/23 2:31:25,2.024770341
8/4/23 2:32:25,2.031332021
8/4/23 2:33:25,2.028871391
8/4/23 2:34:25,2.022309711
8/4/23 2:35:25,2.026410761
8/4/23 2:36:25,2.023129921
8/4/23 2:37:25,2.024770341
8/4/23 2:38:25,2.027230971
8/4/23 2:39:25,2.024770341
8/4/23 2:40:25,2.026410761
8/4/23 2:41:25,2.027230971
8/4/23 2:42:25,2.028871391
8/4/23 2:43:25,2.026410761
8/4/23 2:44:25,2.024770341
8/4/23 2:45:25,2.020669291
8/4/23 2:46:25,2.021489501
8/4/23 2:47:25,2.027230971
8/4/23 2:48:25,2.022309711
8/4/23 2:49:25,2.026410761
8/4/23 2:50:25,2.024770341
8/4/23 2:51:25,2.024770341
8/4/23 2:52:25,2.027230971
8/4/23 2:53:25,2.024770341
8/4/23 2:54:25,2.024770341
8/4/23 2:55:25,2.028871391
8/4/23 2:56:25,2.028871391
8/4/23 2:57:25,2.030511811
8/4/23 2:58:25,2.026410761
8/4/23 2:59:25,2.030511811
8/4/23 3:00:25,2.030511811
8/4/23 3:01:25,2.034612861
8/4/23 3:02:25,2.028051181
8/4/23 3:03:25,2.030511811
8/4/23 3:04:25,2.026410761
8/4/23 3:05:25,2.026410761
8/4/23 3:06:25,2.028051181
8/4/23 3:07:25,2.022309711
8/4/23 3:08:25,2.026410761
8/4/23 3:09:25,2.023950131
8/4/23 3:10:25,2.030511811
8/4/23 3:11:25,2.020669291
8/4/23 3:12:25,2.024770341
8/4/23 3:13:25,2.030511811
8/4/23 3:14:25,2.028051181
8/4/23 3:15:25,2.028051181
8/4/23 3:16:25,2.030511811
8/4/23 3:17:25,2.026410761
8/4/23 3:18:25,2.032152231
8/4/23 3:19:25,2.028871391
8/4/23 3:20:25,2.026410761
8/4/23 3:21:25,2.030511811
8/4/23 3:22:25,2.030511811
8/4/23 3:23:25,2.024770341
8/4/23 3:24:25,2.028871391
8/4/23 3:25:25,2.030511811
8/4/23 3:26:25,2.032152231
8/4/23 3:27:25,2.028871391
8/4/23 3:28:25,2.027230971
8/4/23 3:29:25,2.024770341
8/4/23 3:30:25,2.028871391
8/4/23 3:31:25,2.028871391
8/4/23 3:32:25,2.028871391
8/4/23 3:33:25,2.024770341
8/4/23 3:34:25,2.019028871
8/4/23 3:35:25,2.032972441
8/4/23 3:36:25,2.032152231
8/4/23 3:37:25,2.026410761
8/4/23 3:38:25,2.028871391
8/4/23 3:39:25,2.024770341
8/4/23 3:40:25,2.024770341
8/4/23 3:41:25,2.024770341
8/4/23 3:42:25,2.032972441
8/4/23 3:43:25,2.026410761
8/4/23 3:44:25,2.030511811
8/4/23 3:45:25,2.034612861
8/4/23 3:46:25,2.023129921
8/4/23 3:47:25,2.028871391
8/4/23 3:48:25,2.025590551
8/4/23 3:49:25,2.025590551
8/4/23 3:50:25,2.025590551
8/4/23 3:51:25,2.023129921
8/4/23 3:52:25,2.021489501
8/4/23 3:53:25,2.023129921
8/4/23 3:54:25,2.027230971
8/4/23 3:55:25,2.025590551
8/4/23 3:56:25,2.021489501
8/4/23 3:57:25,2.030511811
8/4/23 3:58:25,2.023129921
8/4/23 3:59:25,2.027230971
8/4/23 4:00:25,2.028871391
8/4/23 4:01:25,2.027230971
8/4/23 4:02:25,2.031332021
8/4/23 4:03:25,2.027230971
8/4/23 4:04:25,2.023129921
8/4/23 4:05:25,2.029691601
8/4/23 4:06:25,2.024770341
8/4/23 4:07:25,2.027230971
8/4/23 4:08:25,2.029691601
8/4/23 4:09:25,2.025590551
8/4/23 4:10:25,2.025590551
8/4/23 4:11:25,2.027230971
8/4/23 4:12:25,2.024770341
8/4/23 4:13:25,2.028871391
8/4/23 4:14:25,2.024770341
8/4/23 4:15:25,2.028871391
8/4/23 4:16:25,2.032972441
8/4/23 4:17:25,2.030511811
8/4/23 4:18:25,2.024770341
8/4/23 4:19:25,2.027230971
8/4/23 4:20:25,2.031332021
8/4/23 4:21:25,2.023129921
8/4/23 4:22:25,2.026410761
8/4/23 4:23:25,2.024770341
8/4/23 4:24:25,2.026410761
8/4/23 4:25:25,2.027230971
8/4/23 4:26:25,2.023129921
8/4/23 4:27:25,2.021489501
8/4/23 4:28:25,2.027230971
8/4/23 4:29:25,2.028871391
8/4/23 4:30:25,2.030511811
8/4/23 4:31:25,2.024770341
8/4/23 4:32:25,2.027230971
8/4/23 4:33:25,2.023129921
8/4/23 4:34:25,2.028871391
8/4/23 4:35:25,2.027230971
8/4/23 4:36:25,2.023129921
8/4/23 4:37:25,2.021489501
8/4/23 4:38:25,2.025590551
8/4/23 4:39:25,2.029691601
8/4/23 4:40:25,2.024770341
8/4/23 4:41:25,2.025590551
8/4/23 4:42:25,2.027230971
8/4/23 4:43:25,2.029691601
8/4/23 4:44:25,2.025590551
8/4/23 4:45:25,2.026410761
8/4/23 4:46:25,2.020669291
8/4/23 4:47:25,2.024770341
8/4/23 4:48:25,2.020669291
8/4/23 4:49:25,2.024770341
8/4/23 4:50:25,2.026410761
8/4/23 4:51:25,2.026410761
8/4/23 4:52:25,2.024770341
8/4/23 4:53:25,2.024770341
8/4/23 4:54:25,2.024770341
8/4/23 4:55:25,2.024770341
8/4/23 4:56:25,2.027230971
8/4/23 4:57:25,2.024770341
8/4/23 4:58:25,2.020669291
8/4/23 4:59:25,2.020669291
8/4/23 5:00:25,2.023129921
8/4/23 5:01:25,2.022309711
8/4/23 5:02:25,2.024770341
8/4/23 5:03:25,2.024770341
8/4/23 5:04:25,2.028051181
8/4/23 5:05:25,2.024770341
8/4/23 5:06:25,2.020669291
8/4/23 5:07:25,2.028871391
8/4/23 5:08:25,2.024770341
8/4/23 5:09:25,2.027230971
8/4/23 5:10:25,2.022309711
8/4/23 5:11:25,2.024770341
8/4/23 5:12:25,2.020669291
8/4/23 5:13:25,2.024770341
8/4/23 5:14:25,2.023129921
8/4/23 5:15:25,2.024770341
8/4/23 5:16:25,2.020669291
8/4/23 5:17:25,2.023129921
8/4/23 5:18:25,2.028871391
8/4/23 5:19:25,2.024770341
8/4/23 5:20:25,2.022309711
8/4/23 5:21:25,2.026410761
8/4/23 5:22:25,2.022309711
8/4/23 5:23:25,2.022309711
8/4/23 5:24:25,2.022309711
8/4/23 5:25:25,2.023129921
8/4/23 5:26:25,2.019028871
8/4/23 5:27:25,2.016568241
8/4/23 5:28:25,2.019028871
8/4/23 5:29:25,2.018208661
8/4/23 5:30:25,2.019028871
8/4/23 5:31:25,2.019028871
8/4/23 5:32:25,2.023129921
8/4/23 5:33:25,2.014927822
8/4/23 5:34:25,2.020669291
8/4/23 5:35:25,2.020669291
8/4/23 5:36:25,2.016568241
8/4/23 5:37:25,2.019028871
8/4/23 5:38:25,2.020669291
8/4/23 5:39:25,2.020669291
8/4/23 5:40:25,2.019028871
8/4/23 5:41:25,2.023950131
8/4/23 5:42:25,2.020669291
8/4/23 5:43:25,2.020669291
8/4/23 5:44:25,2.014107612
8/4/23 5:45:25,2.020669291
8/4/23 5:46:25,2.016568241
8/4/23 5:47:25,2.018208661
8/4/23 5:48:25,2.018208661
8/4/23 5:49:25,2.020669291
8/4/23 5:50:25,2.019028871
8/4/23 5:51:25,2.020669291
8/4/23 5:52:25,2.016568241
8/4/23 5:53:25,2.016568241
8/4/23 5:54:25,2.022309711
8/4/23 5:55:25,2.020669291
8/4/23 5:56:25,2.020669291
8/4/23 5:57:25,2.014107612
8/4/23 5:58:25,2.015748031
8/4/23 5:59:25,2.011646982
8/4/23 6:00:25,2.015748031
8/4/23 6:01:25,2.014107612
8/4/23 6:02:25,2.013287402
8/4/23 6:03:25,2.012467192
8/4/23 6:04:25,2.011646982
8/4/23 6:05:25,2.014107612
8/4/23 6:06:25,2.014927822
8/4/23 6:07:25,2.014927822
8/4/23 6:08:25,2.020669291
8/4/23 6:09:25,2.014107612
8/4/23 6:10:25,2.024770341
8/4/23 6:11:25,2.016568241
8/4/23 6:12:25,2.018208661
8/4/23 6:13:25,2.019849081
8/4/23 6:14:25,2.022309711
8/4/23 6:15:25,2.018208661
8/4/23 6:16:25,2.020669291
8/4/23 6:17:25,2.018208661
8/4/23 6:18:25,2.015748031
8/4/23 6:19:25,2.018208661
8/4/23 6:20:25,2.022309711
8/4/23 6:21:25,2.015748031
8/4/23 6:22:25,2.020669291
8/4/23 6:23:25,2.018208661
8/4/23 6:24:25,2.018208661
8/4/23 6:25:25,2.019028871
8/4/23 6:26:25,2.018208661
8/4/23 6:27:25,2.012467192
8/4/23 6:28:25,2.014927822
8/4/23 6:29:25,2.018208661
8/4/23 6:30:25,2.014927822
8/4/23 6:31:25,2.014107612
8/4/23 6:32:25,2.007545932
8/4/23 6:33:25,2.014927822
8/4/23 6:34:25,2.016568241
8/4/23 6:35:25,2.018208661
8/4/23 6:36:25,2.012467192
8/4/23 6:37:25,2.016568241
8/4/23 6:38:25,2.022309711
8/4/23 6:39:25,2.014107612
8/4/23 6:40:25,2.016568241
8/4/23 6:41:25,2.016568241
8/4/23 6:42:25,2.019028871
8/4/23 6:43:25,2.014927822
8/4/23 6:44:25,2.014107612
8/4/23 6:45:25,2.012467192
8/4/23 6:46:25,2.012467192
8/4/23 6:47:25,2.016568241
8/4/23 6:48:25,2.016568241
8/4/23 6:49:25,2.018208661
8/4/23 6:50:25,2.014927822
8/4/23 6:51:25,2.016568241
8/4/23 6:52:25,2.014107612
8/4/23 6:53:25,2.016568241
8/4/23 6:54:25,2.014927822
8/4/23 6:55:25,2.018208661
8/4/23 6:56:25,2.014927822
8/4/23 6:57:25,2.014927822
8/4/23 6:58:25,2.019028871
8/4/23 6:59:25,2.013287402
8/4/23 7:00:25,2.016568241
8/4/23 7:01:25,2.010826772
8/4/23 7:02:25,2.017388451
8/4/23 7:03:25,2.012467192
8/4/23 7:04:25,2.012467192
8/4/23 7:05:25,2.019028871
8/4/23 7:06:25,2.014927822
8/4/23 7:07:25,2.019028871
8/4/23 7:08:25,2.014927822
8/4/23 7:09:25,2.016568241
8/4/23 7:10:25,2.019028871
8/4/23 7:11:25,2.014927822
8/4/23 7:12:25,2.014927822
8/4/23 7:13:25,2.015748031
8/4/23 7:14:25,2.017388451
8/4/23 7:15:25,2.015748031
8/4/23 7:16:25,2.013287402
8/4/23 7:17:25,2.015748031
8/4/23 7:18:25,2.013287402
8/4/23 7:19:25,2.013287402
8/4/23 7:20:25,2.016568241
8/4/23 7:21:25,2.019028871
8/4/23 7:22:25,2.015748031
8/4/23 7:23:25,2.019849081
8/4/23 7:24:25,2.014927822
8/4/23 7:25:25,2.013287402
8/4/23 7:26:25,2.017388451
8/4/23 7:27:25,2.020669291
8/4/23 7:28:25,2.019028871
8/4/23 7:29:25,2.017388451
8/4/23 7:30:25,2.020669291
8/4/23 7:31:25,2.013287402
8/4/23 7:32:25,2.017388451
8/4/23 7:33:25,2.023129921
8/4/23 7:34:25,2.017388451
8/4/23 7:35:25,2.019028871
8/4/23 7:36:25,2.021489501
8/4/23 7:37:25,2.024770341
8/4/23 7:38:25,2.025590551
8/4/23 7:39:25,2.019849081
8/4/23 7:40:25,2.020669291
8/4/23 7:41:25,2.020669291
8/4/23 7:42:25,2.023129921
8/4/23 7:43:25,2.020669291
8/4/23 7:44:25,2.020669291
8/4/23 7:45:25,2.019849081
8/4/23 7:46:25,2.020669291
8/4/23 7:47:25,2.019028871
8/4/23 7:48:25,2.015748031
8/4/23 7:49:25,2.020669291
8/4/23 7:50:25,2.019028871
8/4/23 7:51:25,2.023129921
8/4/23 7:52:25,2.019028871
8/4/23 7:53:25,2.019028871
8/4/23 7:54:25,2.019028871
8/4/23 7:55:25,2.019028871
8/4/23 7:56:25,2.021489501
8/4/23 7:57:25,2.023129921
8/4/23 7:58:25,2.025590551
8/4/23 7:59:25,2.019028871
8/4/23 8:00:25,2.015748031
8/4/23 8:01:25,2.019849081
8/4/23 8:02:25,2.017388451
8/4/23 8:03:25,2.023950131
8/4/23 8:04:25,2.020669291
8/4/23 8:05:25,2.019849081
8/4/23 8:06:25,2.019028871
8/4/23 8:07:25,2.020669291
8/4/23 8:08:25,2.017388451
8/4/23 8:09:25,2.019028871
8/4/23 8:10:25,2.019849081
8/4/23 8:11:25,2.019028871
8/4/23 8:12:25,2.019028871
8/4/23 8:13:25,2.019028871
8/4/23 8:14:25,2.014927822
8/4/23 8:15:25,2.016568241
8/4/23 8:16:25,2.014927822
8/4/23 8:17:25,2.021489501
8/4/23 8:18:25,2.019028871
8/4/23 8:19:25,2.009186352
8/4/23 8:20:25,2.019028871
8/4/23 8:21:25,2.014927822
8/4/23 8:22:25,2.017388451
8/4/23 8:23:25,2.020669291
8/4/23 8:24:25,2.014927822
8/4/23 8:25:25,2.018208661
8/4/23 8:26:25,2.016568241
8/4/23 8:27:25,2.018208661
8/4/23 8:28:25,2.018208661
8/4/23 8:29:25,2.018208661
8/4/23 8:30:25,2.014927822
8/4/23 8:31:25,2.016568241
8/4/23 8:32:25,2.016568241
8/4/23 8:33:25,2.016568241
8/4/23 8:34:25,2.014107612
8/4/23 8:35:25,2.020669291
8/4/23 8:36:25,2.012467192
8/4/23 8:37:25,2.016568241
8/4/23 8:38:25,2.012467192
8/4/23 8:39:25,2.018208661
8/4/23 8:40:25,2.012467192
8/4/23 8:41:25,2.014927822
8/4/23 8:42:25,2.014927822
8/4/23 8:43:25,2.010006562
8/4/23 8:44:25,2.018208661
8/4/23 8:45:25,2.010826772
8/4/23 8:46:25,2.016568241
8/4/23 8:47:25,2.014107612
8/4/23 8:48:25,2.012467192
8/4/23 8:49:25,2.014107612
8/4/23 8:50:25,2.014107612
8/4/23 8:51:25,2.010826772
8/4/23 8:52:25,2.009186352
8/4/23 8:53:25,2.010826772
8/4/23 8:54:25,2.014107612
8/4/23 8:55:25,2.010826772
8/4/23 8:56:25,2.010826772
8/4/23 8:57:25,2.013287402
8/4/23 8:58:25,2.016568241
8/4/23 8:59:25,2.010826772
8/4/23 9:00:25,2.016568241
8/4/23 9:01:25,2.012467192
8/4/23 9:02:25,2.016568241
8/4/23 9:03:25,2.014107612
8/4/23 9:04:25,2.014107612
8/4/23 9:05:25,2.020669291
8/4/23 9:06:25,2.014927822
8/4/23 9:07:25,2.014927822
8/4/23 9:08:25,2.014927822
8/4/23 9:09:25,2.013287402
8/4/23 9:10:25,2.013287402
8/4/23 9:11:25,2.012467192
8/4/23 9:12:25,2.014927822
8/4/23 9:13:25,2.016568241
8/4/23 9:14:25,2.010826772
8/4/23 9:15:25,2.010826772
8/4/23 9:16:25,2.013287402
8/4/23 9:17:25,2.019028871
8/4/23 9:18:25,2.010826772
8/4/23 9:19:25,2.019028871
8/4/23 9:20:25,2.014927822
8/4/23 9:21:25,2.013287402
8/4/23 9:22:25,2.019028871
8/4/23 9:23:25,2.014927822
8/4/23 9:24:25,2.013287402
8/4/23 9:25:25,2.013287402
8/4/23 9:26:25,2.017388451
8/4/23 9:27:25,2.020669291
8/4/23 9:28:25,2.019028871
8/4/23 9:29:25,2.013287402
8/4/23 9:30:25,2.013287402
8/4/23 9:31:25,2.013287402
8/4/23 9:32:25,2.013287402
8/4/23 9:33:25,2.013287402
8/4/23 9:34:25,2.017388451
8/4/23 9:35:25,2.015748031
8/4/23 9:36:25,2.014107612
8/4/23 9:37:25,2.018208661
8/4/23 9:38:25,2.017388451
8/4/23 9:39:25,2.010006562
8/4/23 9:40:25,2.011646982
8/4/23 9:41:25,2.016568241
8/4/23 9:42:25,2.014107612
8/4/23 9:43:25,2.012467192
8/4/23 9:44:25,2.022309711
8/4/23 9:45:25,2.014107612
8/4/23 9:46:25,2.019028871
8/4/23 9:47:25,2.014927822
8/4/23 9:48:25,2.017388451
8/4/23 9:49:25,2.018208661
8/4/23 9:50:25,2.014107612
8/4/23 9:51:25,2.012467192
8/4/23 9:52:25,2.014927822
8/4/23 9:53:25,2.014927822
8/4/23 9:54:25,2.014927822
8/4/23 9:55:25,2.012467192
8/4/23 9:56:25,2.014107612
8/4/23 9:57:25,2.012467192
8/4/23 9:58:25,2.008366142
8/4/23 9:59:25,2.014107612
8/4/23 10:00:25,2.017388451
8/4/23 10:01:25,2.010826772
8/4/23 10:02:25,2.014927822
8/4/23 10:03:25,2.016568241
8/4/23 10:04:25,2.020669291
8/4/23 10:05:25,2.013287402
8/4/23 10:06:25,2.006725722
8/4/23 10:07:25,2.010826772
8/4/23 10:08:25,2.013287402
8/4/23 10:09:25,2.013287402
8/4/23 10:10:25,2.013287402
8/4/23 10:11:25,2.010826772
8/4/23 10:12:25,2.015748031
8/4/23 10:13:25,2.017388451
8/4/23 10:14:25,2.011646982
8/4/23 10:15:25,2.015748031
8/4/23 10:16:25,2.014927822
8/4/23 10:17:25,2.015748031
8/4/23 10:18:25,2.013287402
8/4/23 10:19:25,2.014107612
8/4/23 10:20:25,2.017388451
8/4/23 10:21:25,2.017388451
8/4/23 10:22:25,2.011646982
8/4/23 10:23:25,2.015748031
8/4/23 10:24:25,2.015748031
8/4/23 10:25:25,2.011646982
8/4/23 10:26:25,2.009186352
8/4/23 10:27:25,2.011646982
8/4/23 10:28:25,2.005905512
8/4/23 10:29:25,2.011646982
8/4/23 10:30:25,2.017388451
8/4/23 10:31:25,2.013287402
8/4/23 10:32:25,2.017388451
8/4/23 10:33:25,2.015748031
8/4/23 10:34:25,2.018208661
8/4/23 10:35:25,2.017388451
8/4/23 10:36:25,2.019849081
8/4/23 10:37:25,2.019849081
8/4/23 10:38:25,2.015748031
8/4/23 10:39:25,2.015748031
8/4/23 10:40:25,2.015748031
8/4/23 10:41:25,2.013287402
8/4/23 10:42:25,2.010006562
8/4/23 10:43:25,2.017388451
8/4/23 10:44:25,2.015748031
8/4/23 10:45:25,2.014107612
8/4/23 10:46:25,2.011646982
8/4/23 10:47:25,2.011646982
8/4/23 10:48:25,2.011646982
8/4/23 10:49:25,2.009186352
8/4/23 10:50:25,2.013287402
8/4/23 10:51:25,2.014107612
8/4/23 10:52:25,2.011646982
8/4/23 10:53:25,2.011646982
8/4/23 10:54:25,2.013287402
8/4/23 10:55:25,2.005905512
8/4/23 10:56:25,2.017388451
8/4/23 10:57:25,2.015748031
8/4/23 10:58:25,2.019028871
8/4/23 10:59:25,2.010006562
8/4/23 11:00:25,2.014927822
8/4/23 11:01:25,2.015748031
8/4/23 11:02:25,2.014927822
8/4/23 11:03:25,2.011646982
8/4/23 11:04:25,2.015748031
8/4/23 11:05:25,2.014927822
8/4/23 11:06:25,2.014927822
8/4/23 11:07:25,2.017388451
8/4/23 11:08:25,2.015748031
8/4/23 11:09:25,2.013287402
8/4/23 11:10:25,2.010006562
8/4/23 11:11:25,2.015748031
8/4/23 11:12:25,2.011646982
8/4/23 11:13:25,2.015748031
8/4/23 11:14:25,2.017388451
8/4/23 11:15:25,2.019028871
8/4/23 11:16:25,2.014107612
8/4/23 11:17:25,2.013287402
8/4/23 11:18:25,2.015748031
8/4/23 11:19:25,2.014927822
8/4/23 11:20:25,2.009186352
8/4/23 11:21:25,2.015748031
8/4/23 11:22:25,2.017388451
8/4/23 11:23:25,2.013287402
8/4/23 11:24:25,2.015748031
8/4/23 11:25:25,2.017388451
8/4/23 11:26:25,2.007545932
8/4/23 11:27:25,2.015748031
8/4/23 11:28:25,2.014927822
8/4/23 11:29:25,2.010006562
8/4/23 11:30:25,2.017388451
8/4/23 11:31:25,2.009186352
8/4/23 11:32:25,2.014927822
8/4/23 11:33:25,2.017388451
8/4/23 11:34:25,2.015748031
8/4/23 11:35:25,2.015748031
8/4/23 11:36:25,2.017388451
8/4/23 11:37:25,2.015748031
8/4/23 11:38:25,2.019028871
8/4/23 11:39:25,2.017388451
8/4/23 11:40:25,2.017388451
8/4/23 11:41:25,2.017388451
8/4/23 11:42:25,2.014107612
8/4/23 11:43:25,2.015748031
8/4/23 11:44:25,2.014107612
8/4/23 11:45:25,2.017388451
8/4/23 11:46:25,2.021489501
8/4/23 11:47:25,2.019849081
8/4/23 11:48:25,2.015748031
8/4/23 11:49:25,2.021489501
8/4/23 11:50:25,2.021489501
8/4/23 11:51:25,2.019849081
8/4/23 11:52:25,2.011646982
8/4/23 11:53:25,2.021489501
8/4/23 11:54:25,2.015748031
8/4/23 11:55:25,2.021489501
8/4/23 11:56:25,2.014107612
8/4/23 11:57:25,2.015748031
8/4/23 11:58:25,2.015748031
8/4/23 11:59:25,2.019849081
8/4/23 12:00:25,2.015748031
8/4/23 12:01:25,2.021489501
8/4/23 12:02:25,2.019849081
8/4/23 12:03:25,2.018208661
8/4/23 12:04:25,2.018208661
8/4/23 12:05:25,2.015748031
8/4/23 12:06:25,2.014107612
8/4/23 12:07:25,2.017388451
8/4/23 12:08:25,2.019028871
8/4/23 12:09:25,2.014107612
8/4/23 12:10:25,2.021489501
8/4/23 12:11:25,2.015748031
8/4/23 12:12:25,2.015748031
8/4/23 12:13:25,2.015748031
8/4/23 12:14:25,2.019849081
8/4/23 12:15:25,2.014927822
8/4/23 12:16:25,2.014107612
8/4/23 12:17:25,2.015748031
8/4/23 12:18:25,2.021489501
8/4/23 12:19:25,2.017388451
8/4/23 12:20:25,2.019849081
8/4/23 12:21:25,2.019028871
8/4/23 12:22:25,2.019028871
8/4/23 12:23:25,2.019028871
8/4/23 12:24:25,2.017388451
8/4/23 12:25:25,2.013287402
8/4/23 12:26:25,2.019849081
8/4/23 12:27:25,2.013287402
8/4/23 12:28:25,2.014927822
8/4/23 12:29:25,2.014927822
8/4/23 12:30:25,2.017388451
8/4/23 12:31:25,2.020669291
8/4/23 12:32:25,2.021489501
8/4/23 12:33:25,2.013287402
8/4/23 12:34:25,2.013287402
8/4/23 12:35:25,2.021489501
8/4/23 12:36:25,2.017388451
8/4/23 12:37:25,2.019028871
8/4/23 12:38:25,2.010826772
8/4/23 12:39:25,2.019028871
8/4/23 12:40:25,2.014927822
8/4/23 12:41:25,2.017388451
8/4/23 12:42:25,2.019028871
8/4/23 12:43:25,2.016568241
8/4/23 12:44:25,2.013287402